id,startup_id,investor_id,investment_amount_usd,investment_date,equity_stake_percent,investment_stage,created_at,updated_at
1,1,4,40168309,2020-05-07,19.57,Series B,2022-03-26 15:05:19,2024-08-04 16:15:35
2,1,9,26772969,2019-06-12,24.45,Series B,2024-02-17 15:33:44,2024-10-21 16:43:41
3,1,14,32426064,2023-12-02,19.15,Series B,2020-03-13 16:04:54,2023-06-09 18:17:24
4,2,16,171938,2023-08-14,20.55,Pre-Seed,2021-01-24 18:06:08,2023-11-12 13:36:01
5,2,14,443066,2022-01-20,15.42,Pre-Seed,2022-04-11 17:05:27,2024-03-11 09:00:05
6,4,9,1330275,2015-08-24,23.05,Pre-Seed,2018-06-18 03:45:14,2023-01-25 21:11:59
7,4,18,1273114,2020-06-06,17.55,Pre-Seed,2023-09-16 07:58:12,2023-06-14 20:03:51
8,5,15,41371578,2022-05-23,21.93,Series B,2023-05-20 20:54:03,2023-07-16 02:08:32
9,5,3,55213975,2024-04-20,15.32,Series B,2018-12-13 21:15:47,2023-05-26 03:17:59
10,6,11,23301547,2023-01-07,17.66,Series B,2021-05-24 07:45:34,2024-03-13 06:54:53
11,6,6,12539413,2022-10-20,22.8,Series B,2018-10-18 15:03:42,2023-12-24 01:28:21
12,7,18,1219578,2020-05-31,20.75,Seed,2024-08-20 08:04:10,2024-01-22 08:08:35
13,7,1,2290548,2019-12-03,14.61,Seed,2018-07-31 11:47:59,2023-08-30 04:26:49
14,8,13,609136,2019-03-27,10.95,Seed,2022-05-02 22:06:34,2023-04-13 22:17:29
15,8,14,3284103,2019-07-19,4.25,Seed,2018-12-21 08:48:56,2024-04-09 21:05:06
16,8,15,3102813,2019-06-14,10.82,Seed,2022-06-14 11:12:12,2023-01-27 12:52:28
17,9,8,9641279,2018-10-05,12.42,Series B,2021-09-22 11:27:33,2024-11-18 04:56:20
18,9,11,28673702,2018-10-28,4.78,Series B,2023-06-08 03:56:35,2023-12-09 20:20:04
19,10,18,8265940,2014-06-15,1.38,Series A,2024-03-29 08:34:17,2024-01-02 13:18:40
20,10,15,8759351,2021-10-09,1.87,Series A,2022-02-22 12:28:47,2024-03-10 03:04:22
21,11,10,5416278,2020-01-13,12.81,Series A,2021-06-26 05:10:44,2023-07-04 11:59:12
22,11,2,9080054,2018-05-22,23.18,Series A,2019-04-16 21:33:07,2024-03-31 07:07:16
23,12,2,1273445,2023-03-03,5.17,Series A,2022-06-30 16:04:35,2023-08-10 13:38:07
24,13,9,1188120,2024-09-30,17.2,Series C,2019-02-12 21:15:48,2024-05-19 06:35:34
25,14,16,5355589,2023-02-16,19.15,Series A,2018-05-11 04:19:15,2023-06-08 08:00:56
26,14,5,2977228,2023-02-07,17.53,Series A,2020-12-25 18:05:06,2023-09-13 17:03:47
27,14,9,4649092,2023-03-15,16.41,Series A,2018-11-21 07:30:36,2024-04-22 21:41:54
28,15,9,1810697,2019-10-09,22.58,Seed,2020-11-08 05:08:42,2024-02-28 10:16:35
29,16,11,995635,2013-01-09,22.17,Seed,2018-09-17 20:48:07,2023-08-14 21:12:17
30,16,4,441079,2023-02-07,13.14,Seed,2020-12-18 05:27:43,2024-02-11 07:11:59
31,16,2,4221288,2020-01-17,14.6,Seed,2020-12-18 16:30:20,2024-01-09 21:15:20
32,19,11,1976487,2024-07-17,17.64,Seed,2024-07-11 18:27:15,2023-06-12 07:33:53
33,19,16,1934093,2023-05-24,21.61,Seed,2019-12-06 18:29:42,2023-09-25 20:09:09
34,19,18,1277136,2022-09-29,3.15,Seed,2022-12-22 11:13:58,2024-09-03 22:51:27
35,21,15,330212,2021-04-04,23.87,Series B,2019-07-22 03:48:00,2023-05-26 15:14:47
36,21,12,451657,2024-05-10,18.66,Series B,2018-09-05 14:51:44,2024-08-29 01:09:18
37,23,12,16112119,2018-01-23,23.08,Series A,2023-04-06 21:30:02,2023-07-09 02:16:30
38,23,14,8801986,2022-01-17,21.41,Series A,2018-05-21 02:41:17,2024-07-20 20:49:08
39,24,9,2855255,2023-01-03,19.35,Angel,2024-04-29 07:07:34,2023-10-03 10:42:44
40,25,11,297446,2021-06-28,11.76,Pre-Seed,2022-10-25 15:50:35,2023-07-21 12:31:54
41,25,10,546128,2021-02-04,17.34,Pre-Seed,2024-05-31 13:33:57,2024-04-11 18:39:46
42,26,17,3303858,2018-09-17,18.11,Seed,2023-12-29 05:20:49,2023-08-15 20:39:50
43,27,1,377054636,2021-06-28,6.3,IPO,2022-03-28 20:28:44,2023-01-08 08:03:16
44,28,5,4339272,2015-07-15,21.64,Series A,2022-11-21 13:45:26,2023-01-21 12:16:02
45,28,6,6413004,2017-12-16,10.19,Series A,2023-03-24 16:35:54,2024-12-28 13:26:12
46,28,19,8756294,2015-02-14,1.11,Series A,2020-03-12 03:12:54,2024-04-27 11:33:44
47,29,17,2034075,2023-02-25,10.3,Angel,2022-12-09 21:22:34,2023-09-04 03:13:43
48,29,2,2964499,2015-01-28,4.47,Angel,2023-06-26 16:23:21,2023-06-06 18:27:16
49,30,20,33993324,2024-09-17,17.73,Series B,2022-07-30 03:55:45,2023-04-27 06:37:22
50,30,7,21752884,2020-01-19,6.52,Series B,2018-08-22 10:17:56,2024-11-05 21:05:25
51,30,18,55536679,2024-05-26,5.43,Series B,2022-01-12 22:35:03,2024-06-08 02:48:31
52,31,17,16108164,2023-07-30,4.58,Series A,2024-02-20 17:29:49,2023-08-19 13:01:23
53,31,13,3636194,2024-08-26,2.84,Series A,2020-04-01 11:13:22,2024-07-29 07:39:39
54,31,16,11089352,2017-06-30,8.76,Series A,2018-09-08 01:01:58,2024-08-03 13:12:05
55,33,2,1617251,2023-07-24,10.7,Pre-Seed,2020-03-19 23:04:59,2024-02-19 12:51:22
56,33,20,1399256,2021-04-05,24.4,Pre-Seed,2020-06-12 10:03:05,2023-02-03 06:33:02
57,33,18,123426,2022-03-28,3.28,Pre-Seed,2024-09-12 10:32:48,2024-11-28 15:12:00
58,34,20,856284,2021-05-11,16.83,Seed,2019-05-18 17:39:10,2023-09-02 08:34:11
59,35,6,2584505,2020-03-05,3.01,Series A,2021-08-28 22:07:20,2023-04-06 10:56:40
60,36,17,3123106,2019-03-09,14.4,Seed,2024-07-03 11:39:33,2024-03-26 23:05:05
61,37,14,251880646,2021-06-15,13.54,IPO,2024-02-01 12:51:58,2023-03-13 20:56:41
62,37,1,221584129,2021-08-17,14.56,IPO,2024-12-30 15:49:20,2023-05-29 23:31:43
63,37,5,215001734,2020-08-13,14.94,IPO,2018-02-02 08:10:18,2023-01-18 16:53:11
64,38,10,541514,2021-11-07,13.7,Angel,2022-10-03 09:19:14,2023-07-31 20:30:12
65,38,13,201603,2021-10-23,2.2,Angel,2024-08-16 01:25:11,2024-09-25 19:46:51
66,39,8,163507647,2021-04-07,7.22,Series C,2018-02-24 20:57:17,2023-02-24 12:14:13
67,40,9,2056157,2024-03-18,12.93,Angel,2018-03-22 01:46:39,2023-04-17 12:18:59
68,41,3,757244,2022-12-27,6.08,Angel,2018-06-09 16:39:26,2024-04-21 08:25:15
69,41,20,262738,2022-04-09,9.24,Angel,2019-09-29 20:44:12,2024-03-14 04:06:38
70,42,7,27593789,2014-11-02,18.2,Series B,2021-10-03 08:14:32,2023-10-31 08:07:41
71,43,14,1989276,2017-10-27,16.47,Seed,2022-09-09 05:14:30,2024-10-03 23:26:13
72,45,11,917081,2023-03-16,4.92,Series B,2022-11-11 06:57:23,2024-10-04 22:56:43
73,45,19,534387,2017-09-24,20.05,Series B,2019-11-18 14:44:29,2023-09-26 16:54:02
74,46,14,27806130,2024-03-02,19.4,Series B,2018-07-10 18:48:26,2023-11-23 09:22:45
75,46,13,49195108,2022-05-05,23.07,Series B,2024-06-05 05:40:56,2024-10-02 10:17:18
76,47,11,115804392,2017-05-01,4.99,Series C,2021-05-03 18:15:11,2024-05-06 07:35:16
77,47,3,142721004,2024-01-07,23.41,Series C,2023-04-27 13:04:00,2023-02-27 21:58:20
78,47,15,167323758,2016-10-21,21.08,Series C,2019-08-05 15:59:02,2024-03-04 19:02:56
79,48,15,12140149,2023-04-29,15.75,Series B,2019-10-02 16:22:32,2023-02-25 04:52:51
80,48,4,218569,2020-10-29,4.8,Series B,2022-07-07 09:24:59,2023-01-24 04:33:57
81,48,7,26440042,2019-08-03,13.42,Series B,2023-06-08 17:26:02,2023-04-02 11:52:48
82,50,1,462214845,2024-03-17,15.64,IPO,2023-12-24 17:43:56,2023-03-27 20:32:27
83,50,9,896847872,2022-08-20,9.01,IPO,2018-01-22 09:19:26,2023-10-04 20:44:13
84,50,8,110223094,2022-10-08,12.93,IPO,2018-07-12 14:42:32,2023-02-18 05:34:10
85,51,15,292395,2023-06-28,19.68,Seed,2024-01-01 23:32:48,2024-11-16 18:21:14
86,51,8,2110800,2022-02-19,8.42,Seed,2022-05-17 19:13:01,2023-10-23 22:21:52
87,51,18,401488,2017-05-31,18.07,Seed,2024-01-05 22:13:31,2024-07-17 09:38:53
88,52,14,12682587,2022-05-10,4.35,Series B,2018-10-19 16:32:27,2024-10-26 16:39:03
89,52,2,23004778,2022-12-04,9.41,Series B,2023-07-07 15:32:34,2023-09-26 07:37:36
90,52,19,12504736,2019-03-31,24.63,Series B,2024-10-19 03:34:05,2023-10-24 19:46:45
91,53,7,809884,2022-07-09,19.45,IPO,2019-09-25 16:55:30,2024-08-08 01:56:20
92,53,11,1980832,2017-12-25,1.11,IPO,2023-01-08 23:28:31,2024-07-26 03:03:34
93,53,2,547421,2018-06-29,1.97,IPO,2022-12-03 10:56:17,2023-04-13 00:00:12
94,55,14,1256633767,2024-10-16,24.86,IPO,2019-10-02 02:59:46,2023-07-29 18:11:12
95,56,4,277348,2016-11-27,24.31,Angel,2020-10-25 06:09:38,2023-10-09 05:40:39
96,56,13,420327,2019-11-14,17.58,Angel,2021-06-10 00:27:18,2023-12-05 06:14:34
97,56,12,741086,2018-01-15,4.89,Angel,2021-05-09 14:46:38,2024-09-18 20:48:16
98,57,20,62406914,2017-07-15,9.0,Series B,2023-01-01 03:34:34,2023-07-04 16:23:13
99,58,5,3490864,2019-02-24,23.84,Series A,2021-11-25 03:10:06,2024-12-12 10:17:51
100,59,17,736471,2022-06-15,2.01,Series B,2022-12-27 09:49:53,2024-01-30 15:16:03
101,59,15,750018,2017-02-08,17.25,Series B,2019-03-22 08:13:20,2024-01-24 21:40:15
102,59,18,167169,2017-04-13,13.9,Series B,2020-08-23 05:40:55,2023-03-14 03:07:56
103,60,1,491550,2024-04-24,22.66,Pre-Seed,2021-04-24 21:41:55,2024-06-06 13:41:05
104,60,17,1432872,2020-07-20,8.13,Pre-Seed,2022-08-05 06:22:21,2023-12-19 15:32:33
105,62,3,1556100,2022-04-01,7.87,Angel,2020-09-17 11:22:35,2024-04-12 16:41:41
106,62,10,1439572,2023-03-08,10.26,Angel,2018-11-16 12:51:51,2023-08-19 09:56:53
107,63,16,1280409,2024-02-09,11.73,Pre-Seed,2020-03-28 02:49:48,2023-03-26 18:28:56
108,63,15,824004,2023-07-08,22.08,Pre-Seed,2022-02-19 07:03:41,2024-12-31 09:53:20
109,65,15,3616052,2023-08-03,7.5,Series B,2023-07-31 03:13:04,2023-09-17 06:59:37
110,66,19,1820929,2023-03-28,14.62,IPO,2019-06-08 16:58:49,2023-06-23 21:42:58
111,66,5,2053031,2024-10-11,15.48,IPO,2020-08-08 01:28:42,2024-01-15 01:16:28
112,67,15,13198864,2024-06-17,8.32,Series A,2019-05-19 08:54:07,2024-05-22 09:57:20
113,67,2,618724,2022-07-19,17.16,Series A,2019-02-08 21:21:38,2024-01-01 19:54:15
114,68,18,489604,2022-10-30,22.67,Series A,2018-10-26 19:46:28,2023-11-24 02:25:17
115,69,15,784326,2023-02-20,14.74,Series C,2020-11-06 06:39:29,2024-01-23 05:55:05
116,69,18,1658943,2017-03-30,13.34,Series C,2023-06-23 08:35:49,2023-12-30 23:45:19
117,70,2,1149127,2022-05-05,24.5,Seed,2024-04-15 21:07:14,2024-08-09 22:59:41
118,71,11,18973956,2021-07-02,11.68,Series B,2023-09-25 13:44:30,2023-08-21 00:33:22
119,71,4,50076535,2023-01-14,10.27,Series B,2022-03-31 05:14:39,2024-10-16 05:17:05
120,71,1,23962512,2016-12-28,6.79,Series B,2021-03-06 21:02:05,2024-04-18 08:38:42
121,72,15,7366199,2023-09-23,2.85,Series A,2021-08-07 23:57:51,2023-10-03 03:33:37
122,72,4,5828773,2023-01-19,13.54,Series A,2019-04-09 21:45:25,2023-10-04 17:30:44
123,72,7,8043171,2023-07-26,22.17,Series A,2023-05-04 20:35:50,2024-01-25 10:06:28
124,73,7,124640233,2020-07-23,9.71,Series C,2023-02-28 09:43:28,2023-01-11 08:48:24
125,73,18,44249805,2024-01-24,3.18,Series C,2023-02-16 07:55:54,2024-10-14 14:29:40
126,73,12,123141318,2019-10-02,9.65,Series C,2023-02-01 17:41:28,2023-07-02 18:43:14
127,74,13,109537,2024-08-02,20.44,Angel,2024-05-27 22:35:49,2023-03-25 19:11:01
128,75,7,707048,2022-05-14,5.99,Series A,2022-03-14 10:48:44,2023-08-26 05:50:54
129,75,17,449207,2022-10-26,12.63,Series A,2024-02-22 16:59:31,2023-01-16 23:08:08
130,75,6,170166,2020-10-15,22.34,Series A,2020-12-21 08:51:26,2023-11-15 03:47:27
131,76,13,1700407,2022-12-13,16.74,Seed,2021-01-01 10:36:19,2024-06-02 06:48:46
132,77,16,1251814,2014-12-30,6.17,Pre-Seed,2024-08-02 03:44:18,2024-12-04 11:16:44
133,78,5,4377038,2022-07-14,12.32,Seed,2020-05-13 23:16:30,2024-02-15 04:37:27
134,79,3,118253917,2015-09-04,20.5,Series C,2020-08-30 19:25:02,2024-07-21 06:55:33
135,81,5,997657,2022-03-07,4.71,Series C,2019-06-14 22:52:48,2023-10-12 02:58:24
136,81,3,878362,2018-07-20,22.77,Series C,2020-03-22 16:59:42,2024-11-30 13:35:45
137,81,14,125080,2017-08-30,11.47,Series C,2018-02-03 12:10:07,2024-04-16 21:57:21
138,82,6,2572237,2022-02-27,6.36,Series A,2024-04-07 07:46:48,2023-09-10 02:09:19
139,82,14,7119462,2023-09-17,24.51,Series A,2023-08-05 15:46:49,2023-07-18 14:36:55
140,83,18,925800,2017-01-11,16.97,Series A,2023-08-25 09:45:41,2023-08-03 16:58:17
141,83,19,688724,2021-03-10,3.82,Series A,2024-10-30 12:38:52,2024-07-18 03:13:54
142,83,1,237779,2018-11-15,17.03,Series A,2019-11-22 09:36:23,2023-10-08 06:59:43
143,84,19,2480680,2017-04-11,5.5,Seed,2021-09-30 06:26:06,2023-11-16 08:14:53
144,86,1,5496665,2022-08-29,15.22,Series A,2020-01-15 14:30:33,2023-08-14 09:03:53
145,86,12,4925647,2024-11-04,10.82,Series A,2022-09-12 11:03:18,2024-03-20 20:47:15
146,86,3,8725394,2018-12-15,17.85,Series A,2019-12-30 07:10:26,2024-03-01 17:02:35
147,87,13,185898364,2014-11-04,9.58,Series C,2023-06-15 03:52:28,2024-03-28 13:29:18
148,87,7,116233991,2021-09-30,5.05,Series C,2018-06-07 06:21:26,2024-12-07 12:03:36
149,88,9,657455713,2023-07-08,14.05,IPO,2022-02-24 11:03:03,2023-09-19 15:39:26
150,88,13,162684941,2022-08-02,4.2,IPO,2023-01-12 16:39:31,2024-02-21 03:40:24
151,89,18,421945,2024-08-28,22.56,Angel,2019-07-31 17:04:00,2024-06-02 14:55:06
152,89,5,2146844,2020-11-25,16.79,Angel,2019-09-23 03:22:25,2023-11-25 16:35:24
153,89,13,185244,2015-07-08,5.11,Angel,2022-10-05 07:17:30,2023-04-19 08:42:07
154,90,3,16361876,2020-06-12,17.21,Series B,2022-12-27 13:11:58,2024-02-01 00:06:58
155,90,8,35044009,2021-04-16,9.63,Series B,2023-05-04 17:17:07,2024-04-14 00:46:55
156,90,13,36249990,2022-09-13,2.49,Series B,2020-11-29 11:00:55,2024-02-24 11:35:58
157,91,10,927994,2024-08-01,8.66,IPO,2023-04-23 10:23:20,2023-07-03 12:44:27
158,92,13,46824631,2022-05-20,8.87,Series B,2022-01-11 14:00:50,2024-08-31 19:04:39
159,92,9,3563608,2024-07-27,20.8,Series B,2024-04-16 08:22:40,2023-03-21 14:17:59
160,93,7,1578222,2019-11-08,19.18,Seed,2018-05-06 08:45:02,2023-01-13 18:21:25
161,93,17,1737216,2021-04-20,17.15,Seed,2024-04-25 09:51:16,2024-12-29 10:14:09
162,93,18,1469208,2020-10-06,20.47,Seed,2023-07-15 21:33:16,2023-04-02 10:05:41
163,94,14,16485487,2024-01-07,14.67,Series A,2020-02-09 02:42:13,2024-02-24 23:17:12
164,94,4,13396136,2023-07-09,24.24,Series A,2024-10-19 15:24:16,2023-02-23 06:38:59
165,95,5,2060966,2024-12-09,4.01,Angel,2022-03-13 02:18:46,2023-05-31 03:54:16
166,96,10,1193301,2021-05-12,11.22,Pre-Seed,2023-12-04 18:47:25,2024-11-29 11:22:09
167,96,15,182419,2024-01-06,10.45,Pre-Seed,2018-06-01 14:24:27,2024-08-11 08:08:59
168,97,15,602112,2023-01-12,17.09,Series A,2019-01-20 17:50:33,2024-08-02 08:29:45
169,98,15,931812,2015-10-28,2.51,Pre-Seed,2018-04-09 16:06:52,2024-10-17 13:15:48
170,98,18,923829,2014-06-03,5.11,Pre-Seed,2024-06-07 23:26:08,2024-07-16 13:35:42
171,99,14,110701681,2018-02-21,1.09,Series C,2024-10-01 21:38:37,2024-05-23 11:53:48
172,99,2,60615394,2013-05-25,11.4,Series C,2024-04-13 11:06:24,2024-06-06 16:40:52
173,99,9,56227361,2015-12-08,2.13,Series C,2020-05-20 20:28:32,2024-06-11 02:51:42
174,100,17,719222,2020-05-12,24.03,Pre-Seed,2024-01-17 22:35:11,2024-02-02 10:09:47
175,100,4,859118,2022-07-01,9.6,Pre-Seed,2022-09-30 19:02:28,2024-07-17 21:10:12
176,101,9,12841333,2023-02-11,24.16,Series C,2020-11-15 16:30:13,2023-10-07 00:20:53
177,101,10,122413796,2016-10-02,12.17,Series C,2023-11-15 10:29:21,2023-07-28 18:56:16
178,101,17,108103468,2018-03-29,7.89,Series C,2018-09-18 11:11:00,2024-07-15 20:11:23
179,102,2,689598,2022-11-10,3.1,Angel,2022-09-14 23:55:10,2024-07-01 02:55:25
180,102,5,2009484,2024-08-26,21.13,Angel,2022-12-28 19:24:50,2024-02-13 08:04:52
181,102,18,122945,2021-04-12,2.73,Angel,2023-09-07 07:45:16,2023-10-06 19:10:03
182,103,16,49925254,2023-11-09,6.22,IPO,2023-06-10 00:47:34,2024-09-19 00:21:57
183,103,8,445862821,2023-10-12,12.84,IPO,2024-06-18 22:34:20,2023-03-08 19:55:25
184,103,3,770725187,2021-11-09,13.96,IPO,2021-06-24 10:18:58,2023-03-04 12:17:44
185,104,16,667388,2024-04-09,24.52,Seed,2024-05-25 01:13:09,2023-08-14 22:33:19
186,104,15,686269,2020-04-16,14.88,Seed,2018-03-02 00:00:06,2024-01-11 22:41:36
187,104,14,506541,2021-04-28,17.24,Seed,2021-01-01 02:37:32,2024-08-08 06:11:58
188,106,20,16682581,2021-10-13,19.26,Series B,2024-08-18 10:20:10,2023-08-28 12:26:11
189,107,9,1040492,2023-01-30,21.33,Series A,2018-10-30 10:29:44,2024-07-02 18:36:14
190,107,7,1141491,2018-07-08,5.68,Series A,2023-12-07 15:08:55,2024-02-05 04:47:07
191,108,17,2908159,2023-10-13,23.56,Series A,2018-11-03 08:19:35,2024-04-05 23:44:47
192,108,20,10263843,2020-06-30,12.23,Series A,2022-05-19 19:42:58,2023-09-03 04:21:47
193,109,6,3392468,2020-03-05,22.52,Series B,2024-11-04 00:39:08,2023-12-27 21:09:49
194,109,13,8600768,2022-12-03,1.98,Series B,2024-07-26 23:50:02,2024-08-04 17:35:49
195,110,5,458695,2020-08-21,22.99,Series C,2019-08-13 07:19:59,2024-07-20 09:28:59
196,111,4,416447,2020-07-08,24.27,Series A,2023-06-02 17:31:40,2023-06-30 13:32:22
197,111,5,530795,2017-07-19,24.25,Series A,2022-02-03 23:52:00,2024-01-03 22:08:33
198,111,9,393296,2016-08-28,22.49,Series A,2021-05-12 09:15:41,2023-11-06 04:17:26
199,112,12,21278157,2014-06-11,6.47,Series B,2021-03-26 17:02:22,2023-09-12 23:15:06
200,112,6,71950804,2018-03-14,8.06,Series B,2020-09-21 15:34:53,2023-07-09 20:27:40
201,113,11,52962183,2023-04-12,14.55,Series B,2021-11-04 17:57:52,2024-11-14 06:34:49
202,114,11,720343,2023-05-21,9.39,Series A,2024-12-27 10:30:54,2024-02-07 15:25:01
203,114,6,462583,2024-04-25,22.68,Series A,2021-03-06 09:03:54,2023-03-20 03:57:48
204,114,3,705369,2021-02-01,5.3,Series A,2018-07-17 10:46:17,2024-06-22 16:00:14
205,115,6,4228424,2024-06-10,13.51,Seed,2022-12-01 17:19:19,2023-03-20 23:22:52
206,115,4,500579,2020-03-18,10.64,Seed,2019-07-20 17:58:25,2023-02-23 15:16:34
207,116,6,1169295,2021-06-05,12.05,Pre-Seed,2022-02-12 10:18:09,2023-06-12 22:34:15
208,116,19,457746,2019-12-10,12.71,Pre-Seed,2020-01-27 20:40:43,2023-01-22 22:34:05
209,117,6,14340348,2024-01-11,17.03,Series A,2019-07-10 11:32:36,2023-08-17 18:19:11
210,117,16,5864533,2024-08-07,10.27,Series A,2020-07-28 14:18:06,2024-12-05 02:43:06
211,118,4,265668871,2024-05-10,8.64,IPO,2019-04-25 03:25:30,2023-07-26 14:16:58
212,119,20,839768,2023-07-11,16.1,Series A,2019-12-02 01:11:06,2023-12-07 08:49:58
213,119,16,1381921,2015-06-13,6.81,Series A,2024-11-09 19:14:41,2023-10-01 21:28:21
214,119,14,1237130,2023-04-06,5.94,Series A,2021-02-18 00:08:41,2024-05-14 20:49:34
215,120,13,85504168,2016-06-02,18.84,Series C,2018-03-29 19:50:09,2023-06-18 14:21:06
216,121,18,12333009,2022-04-06,22.2,Series A,2019-09-05 06:03:16,2023-12-28 21:41:50
217,121,11,1932228,2022-10-19,7.04,Series A,2021-05-12 12:36:27,2023-08-02 15:06:02
218,122,19,1607685,2016-10-05,7.16,Series A,2022-02-04 12:50:34,2024-07-03 21:51:04
219,122,13,1165089,2015-10-05,3.56,Series A,2019-07-30 18:04:37,2024-04-05 08:55:09
220,122,9,7284472,2019-01-25,3.76,Series A,2018-10-17 02:28:43,2023-05-20 06:51:16
221,123,14,15751555,2024-11-03,1.15,Series B,2018-04-28 03:15:54,2023-04-13 15:06:33
222,123,13,32204518,2020-01-04,13.74,Series B,2020-08-04 13:51:13,2023-03-18 07:45:16
223,123,1,30246255,2020-09-18,3.55,Series B,2024-06-01 01:14:45,2023-05-29 23:33:43
224,124,4,268267,2023-11-15,8.5,Series C,2018-05-17 12:59:45,2024-04-27 03:17:34
225,124,16,1436395,2024-07-01,18.35,Series C,2018-10-01 11:58:45,2023-08-27 05:02:44
226,125,1,1083065,2024-08-13,6.5,Pre-Seed,2022-01-25 11:32:12,2023-03-20 00:27:09
227,126,6,2251321,2023-02-27,13.04,Seed,2019-04-06 13:48:37,2023-11-03 01:16:36
228,128,8,448926,2018-04-05,13.97,Series C,2023-08-14 05:39:00,2023-07-31 03:07:35
229,128,14,542199,2018-02-07,22.35,Series C,2024-10-09 01:37:41,2023-04-26 12:24:58
230,129,14,860400,2022-03-11,2.33,Series A,2024-04-03 11:25:56,2023-05-26 08:20:21
231,129,11,452990,2017-03-16,13.42,Series A,2018-12-25 21:03:39,2023-02-07 08:09:36
232,130,12,48452058,2016-01-22,22.44,Series B,2023-04-23 19:31:51,2023-06-14 15:20:53
233,130,13,34066619,2024-01-01,9.52,Series B,2018-11-26 09:14:00,2023-05-30 06:49:46
234,130,11,38586006,2018-11-30,15.61,Series B,2024-08-24 18:56:55,2023-06-09 15:17:49
235,131,14,537204,2020-08-03,20.15,Angel,2023-05-03 17:20:22,2023-12-04 14:53:26
236,131,6,124211,2019-09-13,13.11,Angel,2024-03-15 19:07:28,2024-02-02 06:55:38
237,132,5,81181031,2021-05-19,7.6,Series C,2023-10-12 04:06:32,2023-10-14 18:23:41
238,133,2,14196915,2020-10-01,15.33,Series A,2024-07-23 13:14:05,2024-06-30 16:31:40
239,133,13,2022851,2024-01-09,13.74,Series A,2023-04-22 19:33:32,2024-10-24 05:12:56
240,133,9,5932327,2018-04-08,15.12,Series A,2018-03-22 18:23:32,2024-02-02 01:21:55
241,134,1,4331191,2016-01-24,8.18,Series A,2023-02-14 18:41:43,2023-04-17 04:11:23
242,134,11,1062700,2018-10-02,12.45,Series A,2020-06-09 16:02:57,2024-08-21 03:23:34
243,134,12,5897272,2020-10-08,7.47,Series A,2018-09-11 04:33:37,2023-04-08 23:03:16
244,135,4,12547355,2024-05-11,12.16,Series C,2019-11-29 18:12:43,2024-02-07 05:20:35
245,136,2,173717,2024-04-03,5.86,Angel,2020-10-14 14:13:54,2023-06-28 12:02:35
246,136,10,3135836,2021-01-22,13.2,Angel,2024-01-03 14:59:11,2023-07-26 17:35:23
247,137,11,56398297,2024-01-12,8.12,Series B,2023-12-13 13:47:08,2023-03-02 04:44:42
248,137,13,51069545,2023-08-11,22.37,Series B,2022-04-05 19:21:33,2023-02-10 00:00:41
249,138,18,13747406,2022-12-29,14.24,Series B,2021-06-20 02:26:22,2024-10-29 03:05:27
250,138,3,31235819,2021-03-14,15.91,Series B,2024-12-17 06:06:36,2024-04-20 07:59:47
251,141,2,68113900,2024-04-03,13.23,Series B,2020-09-16 19:30:31,2024-03-28 22:03:19
252,142,12,12087829,2024-11-22,22.96,Series A,2019-05-14 18:37:21,2023-06-28 18:03:15
253,143,14,482575,2022-09-21,15.7,Pre-Seed,2022-02-19 19:31:19,2024-10-18 03:19:20
254,144,17,615331,2021-06-13,10.49,Series A,2019-03-16 11:55:32,2023-12-22 09:58:15
255,145,11,845327,2018-02-24,4.69,Seed,2019-03-11 07:18:56,2024-07-24 04:03:11
256,145,19,1275633,2022-09-21,6.23,Seed,2023-08-13 07:11:32,2023-03-01 05:35:40
257,146,7,3993565,2024-05-11,15.42,Series A,2019-05-19 03:28:15,2024-03-26 02:29:34
258,146,11,5220560,2021-01-19,13.51,Series A,2021-11-07 17:24:41,2023-07-01 17:20:30
259,147,7,25677951,2020-03-28,10.96,Series C,2023-01-11 17:37:25,2023-03-11 01:21:12
260,147,20,193731122,2023-10-12,21.87,Series C,2023-06-26 09:45:12,2023-09-01 18:34:37
261,148,19,111326,2022-08-14,9.28,Angel,2021-05-10 07:46:14,2023-04-10 11:47:36
262,148,18,1149593,2024-05-31,12.4,Angel,2020-12-25 12:08:57,2024-06-30 02:21:38
263,148,2,624169,2021-03-12,19.4,Angel,2022-03-28 16:32:47,2024-12-16 07:02:07
264,149,4,1832667,2019-04-11,3.0,Angel,2022-05-04 16:50:05,2024-11-10 23:15:21
265,149,14,3147850,2023-12-18,17.18,Angel,2020-09-05 02:07:36,2024-03-26 18:10:46
266,149,1,602457,2024-04-17,6.93,Angel,2018-12-19 22:26:02,2024-06-04 17:29:19
267,150,8,274421,2023-11-12,24.59,Pre-Seed,2023-01-19 17:27:13,2024-06-15 10:34:18
268,150,12,1696036,2023-02-09,12.08,Pre-Seed,2019-07-23 21:25:28,2024-08-17 11:54:02
269,151,11,5888035,2023-07-03,14.45,Series A,2018-06-21 20:21:13,2023-07-19 05:20:21
270,153,12,753691,2024-06-11,20.58,Pre-Seed,2024-09-27 14:57:02,2023-11-10 05:11:51
271,153,16,183772,2020-10-18,8.28,Pre-Seed,2021-10-02 21:33:39,2023-02-25 05:45:14
272,154,16,664277,2013-09-06,4.48,Pre-Seed,2020-11-29 20:07:54,2024-06-04 15:36:34
273,154,2,1114758,2024-04-30,8.8,Pre-Seed,2019-09-16 16:44:46,2024-12-03 12:35:56
274,154,5,1011310,2024-01-26,19.51,Pre-Seed,2019-04-16 08:59:36,2023-03-22 13:37:25
275,155,1,1473758,2024-11-18,14.36,Pre-Seed,2021-08-29 03:00:04,2024-10-12 03:34:48
276,155,3,668930,2015-05-05,9.64,Pre-Seed,2020-01-27 13:17:01,2023-11-19 02:31:39
277,155,12,797712,2023-08-15,14.52,Pre-Seed,2018-10-12 19:06:40,2024-04-30 11:37:22
278,157,4,690504,2024-03-13,4.63,Angel,2018-07-30 19:31:53,2023-12-18 20:48:38
279,158,15,224876427,2024-09-02,10.8,Series C,2022-09-17 09:58:44,2023-02-08 01:28:08
280,159,7,2904826,2023-11-25,19.22,Series A,2021-11-03 17:54:45,2024-01-15 14:57:09
281,160,18,5468640,2023-08-31,15.79,Series A,2019-02-26 04:07:21,2024-04-25 16:22:23
282,160,6,952767,2023-07-31,8.32,Series A,2022-06-03 17:03:18,2024-09-23 17:29:52
283,160,17,12696364,2023-12-13,9.17,Series A,2024-10-26 09:08:44,2023-04-21 12:44:37
284,161,3,1056224,2019-04-17,23.38,Angel,2023-01-27 19:28:31,2023-03-27 15:21:38
285,162,2,1867010,2019-04-24,10.17,Seed,2023-02-10 15:34:41,2024-09-16 08:19:16
286,163,3,52008850,2019-05-30,6.27,Series B,2020-04-09 12:46:45,2024-06-06 15:14:52
287,163,16,16531212,2019-11-08,3.56,Series B,2024-03-23 08:13:55,2024-12-27 01:07:14
288,164,8,4792690,2020-03-14,12.46,Series A,2021-03-14 05:08:31,2023-10-06 18:57:38
289,165,11,19567048,2023-09-09,17.88,Series B,2021-04-03 07:37:33,2023-10-05 00:07:01
290,166,18,184940,2022-07-15,8.33,Series A,2023-12-12 16:03:07,2024-09-18 05:58:29
291,166,17,3646125,2021-04-20,11.79,Series A,2023-08-22 12:11:56,2024-07-20 22:10:48
292,167,1,387347,2018-01-16,18.47,Series B,2018-10-12 09:22:11,2024-08-20 18:37:43
293,167,10,1415495,2021-07-18,3.01,Series B,2020-02-09 00:49:03,2023-10-03 20:01:26
294,168,17,1607114,2024-01-24,10.99,Pre-Seed,2024-08-16 22:45:32,2023-11-12 14:20:36
295,169,3,925977,2018-10-21,20.23,Pre-Seed,2022-03-30 03:16:01,2023-07-13 10:17:41
296,169,17,651925,2015-04-13,20.46,Pre-Seed,2022-07-16 00:01:21,2023-08-06 05:22:35
297,171,16,13512083,2024-11-30,15.97,Series A,2018-10-08 05:04:00,2024-03-03 19:57:46
298,171,10,7163997,2018-02-19,12.16,Series A,2020-09-29 18:55:28,2024-07-22 06:40:16
299,171,18,2943610,2016-01-31,21.46,Series A,2022-12-27 01:33:40,2023-09-06 09:22:30
300,172,1,7612187,2017-02-27,3.51,Series A,2019-10-05 10:46:44,2023-05-29 21:38:24
301,173,15,4809495,2023-01-16,6.6,Series A,2020-03-11 09:04:50,2024-04-04 23:49:43
302,173,8,1405047,2013-03-16,9.48,Series A,2020-11-09 23:57:24,2024-01-09 14:34:17
303,175,13,19422143,2023-12-10,3.47,Series B,2018-09-18 04:44:18,2023-02-18 03:14:52
304,175,20,24635120,2023-06-13,9.26,Series B,2022-12-31 07:59:14,2024-08-01 14:34:23
305,176,8,1089909,2021-11-06,22.39,Series B,2020-01-10 07:15:22,2024-01-16 20:16:39
306,177,6,6475698,2019-03-15,17.99,Series A,2018-05-23 03:38:15,2023-07-20 20:49:56
307,177,2,5195353,2017-05-30,6.17,Series A,2022-10-29 11:44:36,2023-04-25 10:14:10
308,177,17,8438196,2018-09-22,22.56,Series A,2020-04-13 20:39:20,2024-03-23 21:33:22
309,179,9,1227394,2021-05-25,12.58,Seed,2018-08-07 08:47:32,2023-12-14 11:06:12
310,181,8,4540004,2022-06-09,24.22,Seed,2022-08-02 12:04:55,2023-03-19 06:23:44
311,182,18,1602178,2022-07-14,23.04,Angel,2021-08-04 00:10:40,2024-08-31 14:52:22
312,182,20,2385983,2023-10-04,1.18,Angel,2018-09-10 02:07:04,2024-07-03 03:36:21
313,182,9,221639,2021-01-22,5.11,Angel,2021-10-06 17:59:37,2023-08-23 23:54:02
314,183,5,58847715,2024-03-25,2.68,Series B,2018-06-14 16:59:30,2024-05-20 18:53:35
315,183,4,5847296,2024-02-22,24.9,Series B,2021-05-02 10:26:15,2023-10-09 15:40:40
316,183,1,32095335,2023-07-01,5.02,Series B,2024-03-06 07:03:02,2024-08-09 06:48:02
317,184,7,402807054,2023-01-17,3.5,IPO,2018-07-30 04:09:09,2024-04-06 08:42:09
318,184,8,94580634,2021-04-21,14.28,IPO,2020-01-19 22:29:28,2023-03-16 01:48:22
319,185,1,7844525,2022-12-13,9.5,Series A,2021-07-18 02:09:05,2023-07-29 22:43:34
320,185,3,7330224,2022-04-08,13.19,Series A,2020-07-10 19:56:12,2023-08-08 09:27:09
321,185,18,5898396,2024-04-17,21.87,Series A,2019-08-04 08:00:52,2023-02-04 22:06:52
322,186,9,12256851,2021-12-02,3.39,Series A,2020-12-08 15:15:35,2023-07-25 07:56:55
323,186,6,7228691,2019-06-26,12.42,Series A,2018-06-14 14:27:10,2024-06-13 00:43:55
324,188,19,139905,2018-10-30,4.28,Series A,2021-06-20 20:19:00,2024-07-28 20:18:31
325,188,12,1838008,2023-07-23,11.64,Series A,2019-03-22 00:02:09,2024-03-31 10:47:31
326,188,14,1270047,2021-10-15,13.87,Series A,2022-08-22 17:30:43,2024-05-23 17:07:07
327,189,9,134854609,2019-11-06,20.12,IPO,2024-01-29 06:47:32,2024-08-05 13:55:24
328,189,2,356927860,2017-04-25,16.47,IPO,2023-04-19 12:13:03,2024-04-02 05:45:34
329,190,5,1590419,2024-07-20,16.24,Angel,2019-03-13 17:55:11,2024-11-22 23:39:06
330,190,15,932026,2022-06-02,19.94,Angel,2020-10-19 17:24:48,2023-03-03 14:36:10
331,191,10,678143,2019-10-14,24.69,Pre-Seed,2019-11-04 04:20:17,2023-11-05 12:57:51
332,191,13,1134451,2024-12-09,10.66,Pre-Seed,2020-03-11 21:58:39,2024-12-13 04:24:26
333,194,4,4871423,2023-05-30,5.73,Seed,2020-03-14 00:11:51,2023-10-22 02:20:48
334,194,16,5306827,2021-11-25,20.59,Seed,2024-08-10 13:29:44,2024-08-24 08:34:42
335,194,13,2711584,2024-01-27,3.56,Seed,2022-07-05 15:23:47,2024-02-01 18:42:18
336,195,12,440626,2024-04-16,7.0,Seed,2018-03-21 19:50:32,2024-05-30 19:48:03
337,195,14,388503,2018-11-30,8.83,Seed,2018-08-02 21:24:47,2023-10-28 01:52:12
338,195,10,212849,2021-12-23,16.61,Seed,2019-11-02 13:59:49,2023-10-16 21:41:03
339,196,12,1438174,2023-04-03,8.18,Seed,2024-09-25 11:29:08,2024-10-16 21:10:35
340,196,19,520413,2024-01-23,24.63,Seed,2021-08-22 19:53:26,2023-02-16 10:08:24
341,196,11,1977977,2023-03-23,22.22,Seed,2024-08-19 14:29:35,2023-03-14 19:31:24
342,197,8,1377658,2020-02-26,3.22,Seed,2020-12-20 15:59:52,2024-08-28 11:56:52
343,197,4,1886833,2014-06-15,8.78,Seed,2018-03-15 22:09:53,2023-02-17 12:59:21
344,198,11,1997905,2015-02-16,20.33,Angel,2020-01-07 08:41:43,2023-04-26 23:39:49
345,199,12,14506878,2024-02-13,4.62,Series B,2020-04-11 18:50:24,2023-09-12 17:20:46
346,200,20,1620299,2016-09-27,10.06,Seed,2021-11-16 13:43:25,2024-01-14 09:33:58
347,200,2,541939,2013-03-20,3.62,Seed,2019-03-19 15:03:50,2024-04-29 17:57:08
348,201,4,7153280,2021-07-13,6.77,Series A,2024-08-07 18:27:02,2024-02-10 14:22:08
349,201,20,4530691,2022-08-09,17.6,Series A,2022-01-20 00:30:50,2024-10-28 02:11:39
350,201,16,7581647,2023-09-08,20.95,Series A,2021-12-21 17:47:34,2024-05-02 03:15:08
351,202,6,47552458,2016-10-21,24.82,Series B,2023-10-16 18:01:01,2024-01-15 12:29:19
352,202,17,9301085,2023-07-04,13.46,Series B,2019-08-08 20:36:19,2024-11-11 06:02:20
353,202,16,5104936,2017-02-14,7.51,Series B,2020-04-14 18:04:30,2023-07-14 23:50:02
354,203,18,1749874,2023-02-08,8.77,Seed,2023-06-03 17:29:36,2024-05-18 01:17:06
355,204,16,378158,2020-12-30,14.82,Pre-Seed,2020-04-20 04:04:22,2024-09-13 13:26:57
356,204,9,1226330,2015-08-22,14.61,Pre-Seed,2023-06-04 06:03:40,2024-05-09 07:47:53
357,205,8,130044653,2021-05-11,7.77,Series C,2021-08-17 13:30:21,2024-07-02 09:59:41
358,205,15,152237100,2019-01-15,16.33,Series C,2024-08-19 15:16:37,2024-08-28 07:28:22
359,205,2,120166557,2020-09-30,12.81,Series C,2018-08-23 22:32:23,2024-01-13 06:47:04
360,206,13,7678334,2019-04-07,22.66,Series B,2021-05-05 08:34:18,2024-02-15 13:46:57
361,206,12,14955672,2023-02-06,3.58,Series B,2022-12-28 14:05:26,2023-06-05 07:03:11
362,207,17,15280595,2024-08-09,21.28,Series A,2019-01-16 06:44:55,2023-07-07 01:08:45
363,207,5,8383598,2023-05-31,22.63,Series A,2022-01-03 15:21:10,2023-07-05 13:59:11
364,208,11,71393289,2018-01-02,3.84,Series C,2019-12-11 22:08:36,2023-08-09 01:55:07
365,208,10,12963671,2023-12-17,15.39,Series C,2024-01-04 11:06:54,2023-11-03 11:53:03
366,209,18,41922112,2023-08-25,2.87,Series B,2021-04-02 23:35:27,2024-03-19 17:57:03
367,209,12,46262675,2020-04-29,3.62,Series B,2022-06-25 07:07:17,2023-08-05 14:29:01
368,209,9,45050218,2020-07-29,8.37,Series B,2023-10-02 18:10:46,2023-01-15 23:19:51
369,210,13,768629,2024-01-06,9.0,Angel,2019-01-08 02:57:03,2023-05-06 15:54:56
370,210,7,1361562,2015-10-08,2.32,Angel,2023-05-15 01:22:53,2024-05-15 15:57:46
371,211,20,592038,2021-03-13,5.59,Seed,2020-05-30 20:21:26,2024-01-09 14:12:53
372,213,19,740307,2022-05-17,1.69,Angel,2019-09-06 23:32:53,2024-07-01 22:51:16
373,214,6,26259271,2021-08-04,6.43,Series B,2024-11-18 08:31:46,2023-07-04 13:37:54
374,214,19,50135902,2024-05-15,2.19,Series B,2020-01-15 14:39:00,2024-07-13 15:15:13
375,216,7,888567,2023-05-28,12.45,Series C,2022-01-03 01:28:35,2023-08-23 22:32:33
376,216,18,976893,2024-10-16,18.68,Series C,2021-11-25 17:38:39,2023-04-28 20:13:53
377,216,3,787716,2021-09-05,10.56,Series C,2022-07-11 20:22:58,2023-06-01 04:33:36
378,218,11,266009218,2022-11-11,20.35,IPO,2022-07-14 17:35:27,2023-03-05 02:03:10
379,218,8,364597821,2020-06-18,17.18,IPO,2024-08-27 16:10:39,2024-08-25 23:28:44
380,220,19,287299,2018-03-06,11.41,Series B,2024-06-09 17:39:25,2024-10-10 06:08:29
381,220,15,1070083,2018-10-12,24.11,Series B,2018-03-08 10:23:22,2023-02-10 17:40:12
382,221,18,105946,2016-08-30,10.51,Pre-Seed,2019-06-05 17:38:39,2023-11-29 10:18:19
383,221,9,645259,2022-10-28,14.58,Pre-Seed,2019-05-29 17:46:38,2024-05-08 00:36:10
384,222,13,361596,2019-08-09,16.89,Pre-Seed,2019-02-15 22:34:20,2024-07-27 17:21:14
385,222,17,1814292,2020-04-23,15.45,Pre-Seed,2019-10-31 19:23:28,2024-12-04 17:47:24
386,222,19,1846485,2021-11-21,20.85,Pre-Seed,2024-09-25 11:42:41,2023-05-15 10:57:25
387,223,2,2318418,2013-02-14,2.18,Angel,2018-05-26 01:15:44,2024-07-14 03:01:49
388,224,9,464606,2022-09-22,16.66,Pre-Seed,2018-07-16 00:52:39,2023-04-02 01:14:04
389,224,4,391068,2024-10-22,2.12,Pre-Seed,2019-08-06 19:45:51,2024-09-16 21:48:19
390,225,10,25747943,2021-11-27,24.51,Series B,2022-07-20 19:24:18,2023-02-06 15:24:15
391,225,15,36674156,2023-03-09,6.35,Series B,2018-12-25 16:25:55,2023-08-21 08:21:45
392,225,9,24540311,2022-10-06,19.46,Series B,2023-04-16 00:26:57,2023-02-05 20:31:32
393,227,12,751809,2019-01-19,11.61,IPO,2019-11-22 18:59:33,2024-09-25 19:49:59
394,228,19,558587,2019-11-27,12.78,Series B,2022-10-13 04:05:57,2023-12-10 16:32:30
395,228,1,1078459,2019-12-07,7.63,Series B,2018-06-15 21:56:14,2023-09-12 03:23:08
396,230,12,277498,2021-08-19,18.1,Series B,2020-03-16 05:09:02,2024-07-21 20:43:05
397,231,16,5332893,2024-10-19,15.28,Series A,2024-08-31 02:50:38,2023-02-23 00:47:59
398,233,3,4483296,2024-09-30,7.46,Series A,2018-08-10 03:52:46,2024-05-22 04:54:14
399,234,9,3137209,2023-08-05,12.68,Seed,2024-06-09 20:23:10,2024-02-12 17:53:48
400,234,13,2567609,2018-06-26,13.77,Seed,2019-10-04 12:52:59,2024-06-07 02:51:51
401,235,9,63826536,2020-02-01,5.31,Series C,2018-11-23 18:26:38,2024-06-04 17:02:44
402,235,5,75216159,2020-06-25,21.85,Series C,2018-10-19 19:35:41,2023-03-10 15:52:00
403,236,1,1368973,2017-04-12,23.36,Series B,2023-03-22 14:00:49,2024-04-06 09:47:17
404,236,4,569917,2023-01-22,17.03,Series B,2020-11-28 15:40:47,2024-06-03 04:05:52
405,236,12,1078372,2023-07-28,18.52,Series B,2024-03-27 18:07:18,2024-01-07 11:00:22
406,237,10,2297520,2016-07-01,7.71,Series C,2022-09-23 09:58:48,2023-06-08 16:47:57
407,237,6,46082882,2021-07-06,20.79,Series C,2019-08-14 22:21:10,2024-11-25 18:11:49
408,238,5,771040,2022-01-24,7.95,Series A,2021-11-26 17:45:53,2023-10-26 07:11:40
409,238,2,728903,2022-07-04,5.5,Series A,2023-05-14 17:02:30,2024-05-21 04:09:17
410,239,4,214214593,2024-01-08,6.32,IPO,2020-01-21 14:33:35,2024-12-22 23:50:18
411,239,9,172326781,2022-12-07,15.99,IPO,2018-04-13 10:00:27,2024-09-18 21:37:35
412,240,12,3107154,2022-10-10,4.61,Seed,2021-11-28 15:10:17,2024-09-01 04:49:23
413,240,17,2470177,2023-10-30,12.27,Seed,2020-12-20 00:48:53,2023-02-14 22:25:36
414,241,9,307191,2015-04-11,20.86,Seed,2022-08-02 09:17:42,2023-05-21 23:15:54
415,241,14,3897973,2014-02-09,2.9,Seed,2021-04-05 02:21:55,2024-01-10 02:47:02
416,242,4,1122522,2023-11-04,12.28,Pre-Seed,2023-10-11 12:05:41,2023-06-06 07:52:23
417,242,15,1451405,2024-10-22,23.9,Pre-Seed,2023-01-27 12:24:10,2024-02-08 19:03:56
418,243,3,16237760,2020-11-03,6.6,Series B,2019-10-12 11:12:28,2024-06-20 13:13:02
419,243,20,30452737,2019-09-07,3.88,Series B,2020-05-13 21:56:46,2023-05-07 21:48:49
420,243,14,51541006,2023-05-26,18.96,Series B,2024-03-17 19:28:33,2023-02-21 07:15:42
421,244,5,1878598,2022-09-19,14.72,Seed,2021-10-09 17:25:16,2024-08-10 02:52:53
422,244,8,2170067,2021-03-17,8.73,Seed,2018-03-03 06:56:59,2023-02-26 15:50:06
423,244,4,1319600,2023-05-07,1.98,Seed,2018-05-29 19:39:22,2024-06-10 15:10:17
424,245,3,433047,2022-05-12,23.73,Seed,2023-05-31 23:14:00,2023-08-05 02:51:03
425,245,20,1650234,2021-07-18,19.86,Seed,2022-04-28 17:05:49,2023-11-15 23:55:27
426,247,4,1598134,2024-02-24,7.31,Angel,2019-08-29 12:53:13,2023-04-18 09:11:16
427,247,1,561060,2022-10-20,16.21,Angel,2020-11-21 22:17:55,2023-07-11 18:59:21
428,247,15,320549,2024-02-07,6.77,Angel,2021-05-02 03:02:49,2023-06-30 09:01:38
429,249,11,6156428,2021-06-06,1.63,Series A,2022-06-15 13:23:44,2023-10-03 23:57:13
430,249,6,1133626,2018-02-12,6.35,Series A,2018-01-09 19:26:59,2023-09-02 14:30:18
431,250,3,10297780,2017-12-03,5.14,Series A,2019-10-21 16:22:08,2023-06-28 01:19:50
432,251,8,239430,2012-02-17,10.31,Series A,2019-12-13 07:03:20,2023-01-31 08:57:28
433,252,5,511149,2022-06-11,18.79,Pre-Seed,2023-03-13 22:54:12,2024-10-11 09:27:43
434,252,16,763522,2020-08-21,18.4,Pre-Seed,2023-05-24 23:41:42,2023-11-16 19:38:35
435,252,19,1183432,2021-09-20,22.95,Pre-Seed,2021-10-17 23:47:05,2024-09-28 19:07:28
436,253,8,3714742,2023-04-11,1.33,Seed,2019-11-10 11:38:13,2024-04-14 15:10:18
437,253,15,2772715,2023-07-10,20.56,Seed,2020-12-19 03:53:51,2023-12-25 06:39:24
438,254,2,1818381,2020-03-31,19.83,Series A,2023-09-23 19:36:16,2023-01-06 20:04:35
439,254,17,1637681,2020-06-29,21.81,Series A,2021-04-18 18:27:57,2024-07-13 14:12:25
440,255,20,500569,2013-12-12,13.39,Series A,2018-09-21 23:53:15,2023-10-20 19:46:12
441,255,10,196908,2020-07-28,21.98,Series A,2022-02-19 10:44:01,2024-10-18 06:57:49
442,255,11,212195,2012-01-07,15.69,Series A,2023-12-09 17:32:11,2024-09-25 11:24:12
443,256,20,1055771,2021-12-14,19.11,Angel,2023-06-11 16:36:42,2024-06-16 17:49:01
444,256,16,504993,2022-03-17,22.88,Angel,2019-12-08 06:06:16,2023-05-13 03:06:42
445,257,11,606897,2018-01-25,22.2,Series A,2021-01-26 08:17:40,2023-10-28 00:54:29
446,258,3,156818734,2020-05-20,24.04,IPO,2021-08-01 18:24:57,2024-02-11 14:55:36
447,259,12,359822,2016-09-29,15.65,Pre-Seed,2021-12-09 07:02:04,2024-08-19 06:50:25
448,259,14,554632,2016-10-20,14.9,Pre-Seed,2024-08-19 15:48:23,2024-05-02 15:32:38
449,259,4,1673145,2022-11-05,19.76,Pre-Seed,2023-07-12 22:55:24,2023-04-15 05:28:53
450,260,12,8713133,2020-10-17,8.47,Series A,2019-03-19 00:03:51,2024-08-12 13:38:02
451,260,4,755092,2022-01-19,3.04,Series A,2018-10-05 20:15:26,2024-02-21 04:02:26
452,261,14,114729,2015-10-17,19.16,Angel,2018-11-27 02:44:28,2023-10-07 11:07:43
453,261,3,1756403,2023-04-29,16.49,Angel,2024-07-25 07:16:28,2024-04-14 07:04:03
454,262,3,482103,2012-09-11,10.74,Series A,2018-01-12 07:00:47,2024-06-27 10:37:30
455,263,16,835797,2021-05-13,3.76,Series A,2021-02-14 10:23:22,2023-04-29 18:23:58
456,264,8,52870312,2015-11-10,4.89,Series B,2019-06-30 13:27:54,2023-12-08 01:38:57
457,265,1,10745920,2024-08-30,18.27,Series A,2018-08-08 20:44:22,2024-03-03 18:59:47
458,265,4,5052047,2023-05-11,18.39,Series A,2018-06-01 08:20:28,2024-07-13 17:17:31
459,265,16,2089407,2021-06-12,16.13,Series A,2021-12-19 02:11:00,2023-02-17 08:55:45
460,266,4,1166529,2015-12-15,18.82,Series B,2021-06-20 07:52:25,2023-12-04 13:32:46
461,266,11,875836,2024-04-19,19.29,Series B,2022-05-11 19:30:52,2024-10-05 08:16:49
462,267,1,414656,2021-01-22,13.3,Seed,2019-02-02 02:29:46,2023-11-12 10:55:27
463,269,17,448271,2018-09-19,4.95,Angel,2022-03-10 08:02:17,2024-06-04 06:49:19
464,270,15,7916100,2024-01-27,4.16,Series A,2021-11-08 09:04:14,2024-12-26 05:04:18
465,270,14,5823020,2021-08-08,1.84,Series A,2023-05-11 15:35:54,2023-03-19 17:53:46
466,271,7,20766102,2023-02-18,20.9,Series B,2022-12-11 23:35:55,2023-09-23 14:26:55
467,271,8,11812038,2019-01-10,9.17,Series B,2023-08-10 12:31:16,2023-10-01 20:21:13
468,273,8,3454895,2024-03-21,19.77,Angel,2023-05-20 16:08:12,2024-03-13 05:59:43
469,275,18,1625633,2020-10-29,16.2,Series B,2023-05-03 21:18:02,2023-11-17 20:05:30
470,275,9,1578719,2020-05-26,19.88,Series B,2022-01-23 15:41:54,2023-08-27 05:09:35
471,276,14,330573,2022-02-09,13.5,Pre-Seed,2021-06-17 05:01:43,2023-02-24 04:34:30
472,277,8,13675457,2022-02-28,5.31,Series B,2021-10-05 12:09:37,2023-12-20 04:08:46
473,277,10,50078063,2019-08-09,4.04,Series B,2020-06-27 04:27:29,2023-09-22 22:21:51
474,277,1,10347150,2014-02-23,13.47,Series B,2022-09-29 21:51:01,2024-05-10 11:38:54
475,278,4,178973,2022-08-06,3.37,Series A,2018-04-15 02:45:53,2023-05-11 09:58:46
476,278,15,114999,2022-07-13,5.55,Series A,2018-08-11 06:26:00,2024-07-06 04:30:33
477,278,7,216517,2017-12-03,20.08,Series A,2022-12-25 22:22:44,2024-06-20 08:37:35
478,279,12,769197,2019-11-09,21.19,Pre-Seed,2018-07-03 21:56:45,2024-08-20 06:06:39
479,279,20,1046303,2019-09-30,14.85,Pre-Seed,2020-07-16 11:23:11,2023-08-25 02:14:15
480,280,17,11911997,2019-07-05,13.17,Series B,2021-11-20 00:14:53,2024-07-04 10:40:49
481,280,14,695673,2024-12-20,7.74,Series B,2021-01-07 17:24:41,2023-02-20 03:03:05
482,281,7,20999874,2015-08-28,1.03,Series B,2021-06-29 21:49:10,2023-04-17 19:37:41
483,281,5,18090472,2022-01-12,24.67,Series B,2024-05-19 06:58:38,2024-02-01 22:47:02
484,283,7,242557989,2023-01-10,9.83,IPO,2022-05-25 02:16:56,2023-06-05 01:24:08
485,283,20,241770837,2023-06-25,19.45,IPO,2019-09-25 08:36:37,2024-11-10 16:52:34
486,284,8,543633,2024-02-11,20.85,Seed,2019-04-11 21:07:20,2023-05-10 04:12:07
487,284,10,869628,2019-08-02,3.16,Seed,2022-02-06 20:59:52,2023-07-07 14:30:24
488,284,5,1596526,2021-01-21,20.43,Seed,2020-01-13 11:15:48,2023-06-08 08:10:20
489,285,15,1297351,2018-08-17,12.33,Pre-Seed,2019-12-11 09:52:37,2023-07-01 19:49:34
490,285,12,1406605,2019-09-22,16.81,Pre-Seed,2023-11-07 14:20:10,2024-06-15 17:43:56
491,286,17,358657,2021-12-26,1.96,Seed,2022-10-15 04:17:20,2024-07-10 11:08:09
492,287,8,1006843,2023-01-10,4.14,Series B,2024-02-27 07:46:35,2024-06-12 16:19:44
493,287,3,1000425,2018-12-27,16.97,Series B,2023-11-03 13:10:56,2023-07-07 13:51:41
494,288,20,161001257,2019-04-26,1.3,Series C,2022-08-30 13:39:53,2023-09-21 04:20:57
495,288,3,8593992,2021-03-28,9.03,Series C,2019-09-16 18:28:21,2024-01-16 18:14:12
496,289,9,44617513,2020-04-10,23.02,Series C,2023-09-24 11:47:43,2024-10-03 03:21:23
497,289,4,169203108,2021-02-13,14.32,Series C,2023-10-05 09:48:27,2024-08-09 20:28:22
498,289,14,222047891,2021-09-04,13.53,Series C,2023-03-17 06:24:21,2024-08-06 05:31:47
499,290,14,357137,2023-11-16,5.84,Pre-Seed,2023-05-15 12:48:56,2023-05-05 10:47:57
500,290,3,1412683,2023-11-21,13.03,Pre-Seed,2022-09-07 11:47:44,2023-01-03 08:45:59
501,291,16,568511,2019-10-27,22.76,Series B,2021-03-14 01:07:00,2024-03-23 14:46:45
502,291,2,511039,2021-01-25,21.77,Series B,2021-12-08 21:17:02,2024-01-02 13:02:59
503,291,18,272293,2018-08-27,23.43,Series B,2018-09-16 16:28:13,2023-06-06 17:52:21
504,292,13,230580,2023-03-07,22.99,Pre-Seed,2024-10-31 01:22:49,2024-10-05 07:32:00
505,292,11,829785,2023-07-16,6.33,Pre-Seed,2022-09-16 10:01:49,2023-07-27 04:18:45
506,292,18,150008,2018-04-26,1.62,Pre-Seed,2018-02-11 22:14:02,2024-07-21 16:51:43
507,294,9,588777,2024-07-25,8.44,Seed,2023-10-22 19:33:13,2024-04-27 20:49:26
508,294,6,1694273,2022-04-30,13.04,Seed,2021-09-07 20:26:03,2024-06-12 19:48:55
509,295,7,22944929,2022-04-11,23.4,Series B,2022-12-12 08:26:47,2023-03-02 02:42:05
510,295,13,43139403,2019-05-15,14.43,Series B,2020-02-13 19:55:45,2024-08-19 01:54:05
511,296,8,2273432,2023-07-31,9.46,Seed,2020-11-14 12:01:03,2023-05-24 10:12:01
512,296,12,152791,2024-12-20,19.13,Seed,2022-01-19 22:40:32,2024-10-20 09:02:15
513,297,9,1295407,2019-02-02,18.48,Series B,2020-11-20 00:07:58,2024-04-07 14:18:39
514,297,10,851758,2015-03-23,5.6,Series B,2021-07-18 08:16:39,2024-12-09 04:20:58
515,297,3,568776,2023-02-03,2.27,Series B,2023-10-31 23:54:55,2024-12-22 02:12:20
516,298,4,13996331,2024-11-09,7.62,Series A,2018-04-16 17:38:46,2023-07-26 17:42:28
517,298,6,11879093,2023-11-26,15.96,Series A,2024-02-21 20:49:25,2024-07-09 01:25:43
518,299,14,512324,2021-03-03,11.16,Pre-Seed,2020-03-06 16:31:20,2023-02-11 04:30:53
519,299,9,1245414,2023-06-19,16.39,Pre-Seed,2020-03-01 12:10:48,2023-04-08 17:18:32
520,303,15,580453,2023-06-11,8.99,Series C,2023-12-02 09:57:35,2024-08-25 03:05:26
521,304,4,1109995,2022-04-15,7.61,Seed,2023-07-12 09:11:11,2023-03-17 18:38:04
522,304,16,1310280,2017-03-16,3.35,Seed,2018-01-05 21:36:28,2023-02-17 15:06:40
523,305,2,83967250,2020-06-07,7.83,Series C,2020-01-02 11:02:39,2024-12-11 12:05:35
524,305,5,122429400,2018-03-15,6.54,Series C,2023-09-20 13:11:35,2024-08-18 17:07:54
525,305,20,124317195,2019-10-15,14.06,Series C,2020-11-17 01:52:03,2024-04-19 16:54:08
526,306,20,80255840,2016-11-10,5.09,IPO,2020-11-23 03:58:37,2023-04-10 01:40:03
527,306,7,190467564,2014-11-16,21.5,IPO,2024-08-03 22:06:26,2023-08-18 06:54:44
528,307,11,1352068,2016-02-09,16.37,Angel,2018-03-19 11:23:34,2024-12-14 19:55:06
529,307,7,397034,2023-12-08,6.61,Angel,2018-06-28 07:03:47,2024-12-02 11:09:49
530,308,1,629388,2016-11-13,18.53,Pre-Seed,2023-12-31 20:17:19,2023-02-28 22:19:13
531,308,7,1170122,2021-11-22,1.18,Pre-Seed,2021-12-24 11:57:17,2023-02-06 10:48:40
532,309,12,493566,2022-09-16,7.37,Series A,2019-08-13 12:18:25,2024-01-09 00:30:10
533,309,11,316894,2021-07-06,20.49,Series A,2020-10-19 08:06:39,2023-04-11 20:27:09
534,309,18,689494,2023-11-21,8.15,Series A,2024-01-13 07:23:55,2024-05-15 10:14:44
535,310,10,1260554,2024-04-21,20.95,Series B,2018-01-19 16:06:03,2023-06-13 12:08:14
536,311,8,1396897,2020-07-30,24.84,Angel,2024-08-27 23:15:58,2023-01-21 00:08:02
537,311,7,1034557,2022-11-15,1.21,Angel,2021-04-16 14:13:54,2024-09-10 23:20:45
538,311,5,1209181,2016-05-26,1.56,Angel,2024-02-07 23:56:43,2023-04-12 23:57:30
539,312,10,3138447,2022-06-17,2.0,Series A,2023-03-27 05:46:15,2023-01-25 22:34:51
540,312,3,9998988,2021-01-13,10.73,Series A,2019-10-03 19:32:04,2024-08-24 19:29:32
541,313,7,687385102,2022-07-17,5.6,IPO,2019-01-16 15:27:48,2023-12-18 01:15:27
542,313,12,16930708,2021-12-06,15.4,IPO,2024-10-07 06:01:22,2024-11-21 03:09:29
543,313,17,69487312,2024-05-17,13.72,IPO,2018-09-03 18:49:32,2023-09-26 08:51:26
544,314,5,2316412,2020-04-11,4.17,Pre-Seed,2021-12-22 04:12:17,2023-08-07 01:19:02
545,314,10,1714762,2023-10-24,6.26,Pre-Seed,2021-11-25 23:43:09,2024-07-31 11:24:37
546,315,1,921549,2020-04-08,4.83,Angel,2019-02-25 11:18:18,2024-04-09 19:45:45
547,316,11,46938538,2024-03-04,8.64,Series B,2018-01-26 03:10:01,2024-06-21 06:32:36
548,316,17,11583498,2014-03-13,23.71,Series B,2022-08-09 06:17:31,2023-01-16 03:54:25
549,316,3,51989241,2020-03-06,7.03,Series B,2023-11-17 07:43:40,2024-11-25 16:17:08
550,318,7,496985,2024-08-29,16.91,Series C,2018-12-27 18:30:13,2023-01-11 03:19:41
551,318,14,394663,2022-07-12,3.29,Series C,2018-07-05 19:18:42,2024-09-01 16:36:39
552,318,20,129654,2023-11-08,10.88,Series C,2024-10-06 23:58:35,2023-12-10 16:56:26
553,319,20,4278661,2020-10-03,3.84,Series A,2021-06-18 23:03:17,2023-07-10 20:06:52
554,319,2,873397,2021-05-14,18.18,Series A,2020-06-11 08:42:03,2023-05-06 13:25:15
555,320,4,61777159,2021-09-18,6.01,Series C,2023-04-29 06:25:04,2024-05-22 18:34:18
556,321,18,5164050,2021-08-22,20.48,Series A,2022-03-03 17:57:31,2023-11-12 20:17:33
557,321,19,2952395,2018-04-03,3.9,Series A,2019-07-23 08:48:04,2024-05-24 23:23:39
558,322,14,2549100,2023-04-18,21.57,Seed,2024-11-03 14:40:01,2023-10-18 13:44:49
559,323,1,582907,2021-02-03,22.63,Pre-Seed,2024-08-12 02:12:15,2024-05-14 01:36:40
560,323,2,1224554,2023-03-24,23.21,Pre-Seed,2019-11-11 12:08:07,2024-02-01 07:04:21
561,324,15,466101,2019-11-24,12.09,Seed,2020-06-29 11:20:41,2023-04-21 07:24:16
562,324,14,3400942,2017-05-17,16.06,Seed,2019-02-19 12:51:39,2024-11-29 09:47:23
563,325,19,1640569,2021-08-22,11.56,Pre-Seed,2019-10-29 09:40:15,2023-10-24 20:31:55
564,326,3,10485679,2023-11-12,5.12,Series B,2024-06-05 03:03:50,2023-06-16 23:24:39
565,328,10,631853,2024-09-24,20.95,Series C,2022-05-18 12:36:02,2023-10-06 13:15:53
566,328,5,761715,2024-03-20,7.81,Series C,2018-09-09 08:17:46,2024-09-22 14:48:51
567,329,14,494223,2021-07-18,11.59,Angel,2018-07-06 13:31:50,2024-11-06 00:01:48
568,329,16,480000,2019-12-15,24.21,Angel,2024-03-01 00:01:09,2023-11-03 06:04:54
569,329,15,2433034,2018-12-09,23.56,Angel,2018-03-04 19:32:10,2024-10-19 11:44:56
570,330,7,5342325,2022-03-27,10.6,Series A,2024-11-14 23:18:28,2023-01-13 05:35:07
571,331,14,1709110,2019-09-20,21.03,Pre-Seed,2021-09-28 13:29:44,2024-10-01 18:54:30
572,331,6,365367,2019-02-15,18.01,Pre-Seed,2022-11-19 16:48:46,2024-01-16 14:17:50
573,331,8,1361421,2019-10-12,4.93,Pre-Seed,2024-02-08 20:10:20,2023-02-18 17:49:57
574,332,7,2725644,2021-11-29,12.17,Seed,2018-06-21 21:36:09,2023-06-19 14:56:12
575,334,12,30583546,2024-08-18,12.3,Series B,2019-08-23 19:32:52,2024-09-23 16:28:09
576,334,18,22827541,2024-02-26,14.99,Series B,2020-02-14 21:44:30,2023-11-07 13:34:42
577,335,8,842131,2024-08-20,7.66,Series C,2018-05-29 11:20:13,2024-05-13 05:32:23
578,335,19,651953,2021-06-04,14.64,Series C,2018-10-30 06:19:51,2023-01-01 07:44:59
579,336,2,936807,2024-10-21,12.68,Angel,2018-11-21 10:59:03,2024-02-03 02:15:41
580,336,16,309928,2024-01-28,23.14,Angel,2021-01-11 19:02:03,2023-07-07 16:33:40
581,337,16,928085,2017-02-20,13.99,Series A,2018-08-03 09:03:18,2024-05-19 19:19:47
582,338,14,1030419,2018-09-24,6.45,Seed,2022-03-03 05:34:39,2023-07-22 19:12:14
583,339,11,15143117,2018-11-11,22.55,Series A,2022-02-24 17:10:22,2024-10-29 20:29:56
584,339,16,9100773,2017-12-03,6.36,Series A,2023-01-24 05:01:16,2023-08-29 18:13:17
585,339,20,11164821,2018-05-04,1.38,Series A,2024-11-23 20:23:06,2024-08-14 08:24:59
586,340,16,7691354,2021-09-12,15.79,Series B,2018-04-27 07:43:56,2024-11-25 16:23:17
587,340,17,14301569,2021-03-13,11.17,Series B,2021-12-22 16:40:46,2023-03-15 19:45:15
588,340,15,11590837,2019-01-05,15.51,Series B,2022-11-07 14:56:41,2023-07-04 03:27:10
589,341,14,1079954,2020-08-19,11.73,Series C,2024-01-01 08:13:19,2024-04-13 10:35:22
590,341,18,107706,2014-02-05,13.21,Series C,2022-10-24 02:02:20,2024-11-18 14:09:26
591,342,11,1175533,2021-06-07,18.0,Series A,2021-08-24 18:25:20,2023-11-04 07:36:07
592,342,5,187504,2020-12-17,2.97,Series A,2022-10-23 11:26:55,2024-10-25 16:34:24
593,342,17,1942698,2019-10-02,13.52,Series A,2019-07-20 05:24:21,2023-12-31 21:51:49
594,343,20,321681,2014-12-28,15.7,Pre-Seed,2024-12-27 07:07:56,2023-12-31 05:15:59
595,343,7,118719,2012-06-26,9.08,Pre-Seed,2018-12-10 13:50:26,2024-10-10 11:09:52
596,343,19,537462,2018-08-23,20.39,Pre-Seed,2018-10-05 18:17:24,2023-12-14 23:29:18
597,344,20,979661,2022-04-07,17.45,Angel,2021-05-30 12:59:11,2023-10-03 23:56:14
598,344,17,348825,2022-04-19,22.13,Angel,2021-09-20 13:00:15,2023-09-16 02:04:57
599,344,3,674721,2023-10-26,5.36,Angel,2024-06-06 10:48:17,2023-04-15 04:50:32
600,345,20,296265727,2022-12-04,15.68,IPO,2018-02-02 10:43:48,2023-11-24 06:17:03
601,346,1,964202,2021-02-02,7.85,Series A,2018-03-06 08:06:05,2023-11-07 10:29:23
602,346,19,1802623,2018-05-20,6.32,Series A,2021-09-13 21:04:22,2024-10-18 14:17:49
603,346,10,997166,2016-03-08,10.98,Series A,2023-03-16 16:01:54,2024-07-08 06:05:11
604,347,14,3419594,2013-01-28,12.68,Series A,2019-09-23 23:52:11,2024-08-23 18:56:23
605,347,12,5730563,2016-04-12,2.65,Series A,2023-01-01 05:58:45,2023-08-27 03:16:35
606,348,19,24600404,2021-03-19,14.66,Series B,2023-09-05 08:07:12,2024-07-21 18:45:08
607,348,15,57377545,2024-10-23,14.13,Series B,2023-03-22 10:24:57,2024-08-29 22:39:39
608,348,11,1087340,2020-01-13,19.56,Series B,2022-05-27 19:53:56,2023-05-11 01:09:34
609,349,7,4359829,2024-07-11,10.05,Series A,2023-05-24 10:24:27,2024-04-28 06:41:06
610,349,11,3202599,2023-07-05,3.99,Series A,2019-02-13 08:51:29,2024-09-20 12:35:20
611,349,5,778224,2022-01-16,12.18,Series A,2022-01-17 03:23:57,2023-05-26 00:54:49
612,350,11,134100,2020-09-10,6.3,Angel,2022-06-03 16:26:01,2024-03-20 15:56:33
613,351,10,1675496,2022-09-01,7.28,Series B,2019-05-18 07:23:42,2024-06-27 20:40:51
614,351,19,1337613,2019-11-18,22.09,Series B,2023-06-03 21:00:01,2024-10-22 12:38:35
615,352,3,10163368,2023-06-09,15.57,Series A,2019-09-15 09:20:01,2024-03-26 12:11:18
616,353,13,2509539,2024-04-18,17.36,Seed,2024-01-22 03:54:22,2024-08-23 21:58:21
617,353,9,511908,2023-07-28,21.4,Seed,2023-05-28 08:15:18,2023-02-22 04:05:39
618,353,19,2165279,2024-07-04,2.49,Seed,2019-11-27 00:26:58,2023-08-14 08:33:13
619,355,8,1382508,2023-06-28,11.17,Seed,2020-12-21 02:23:49,2023-06-16 03:13:35
620,356,14,895173,2022-11-14,21.59,Series A,2020-11-05 09:32:22,2024-09-25 00:50:29
621,356,16,657244,2018-06-24,24.94,Series A,2020-10-21 10:51:25,2024-06-17 08:23:35
622,356,10,3275519,2014-12-28,11.32,Series A,2019-10-17 08:54:32,2023-10-08 07:50:49
623,357,17,11741596,2014-06-19,16.64,Series A,2020-10-25 09:36:47,2024-07-13 02:52:46
624,357,7,8863530,2021-10-27,15.7,Series A,2021-07-28 16:07:54,2023-05-26 06:47:40
625,357,8,8667016,2021-08-11,16.0,Series A,2022-05-24 14:14:37,2024-04-18 19:24:01
626,358,17,14124548,2013-01-03,16.73,Series A,2023-11-18 01:18:36,2024-08-18 01:13:13
627,359,13,52769462,2020-02-25,5.28,Series C,2021-09-23 20:06:49,2024-11-14 14:28:27
628,360,17,1909234,2022-08-21,16.94,Seed,2020-09-07 18:01:57,2024-07-20 17:23:54
629,360,7,1498242,2013-04-04,13.49,Seed,2020-11-21 04:17:02,2023-05-03 04:49:32
630,360,14,462238,2022-10-22,5.61,Seed,2022-02-15 09:09:05,2023-05-15 11:32:34
631,361,2,5526679,2024-04-18,19.91,Series A,2020-01-11 21:59:59,2023-09-24 08:46:23
632,361,13,2615096,2023-02-27,24.18,Series A,2023-12-02 03:18:33,2023-04-30 17:56:56
633,362,10,6715688,2024-01-20,17.46,Series B,2018-07-12 22:39:33,2023-12-11 02:27:32
634,362,18,50226333,2022-02-01,8.64,Series B,2024-05-31 07:21:16,2023-05-08 00:29:57
635,363,15,20201031,2017-08-07,13.68,Series B,2023-09-19 04:11:22,2024-04-02 08:24:59
636,364,9,1200280,2016-06-10,11.34,Pre-Seed,2020-12-13 09:47:25,2024-06-09 01:10:15
637,364,20,709988,2016-04-12,12.73,Pre-Seed,2020-01-10 13:59:58,2024-10-24 14:46:08
638,365,14,627400,2024-11-01,24.39,Pre-Seed,2018-02-07 07:33:54,2023-04-30 09:20:39
639,365,2,113466,2024-11-22,15.48,Pre-Seed,2023-07-17 00:29:40,2024-06-22 04:18:47
640,365,4,969551,2023-02-03,17.6,Pre-Seed,2021-04-27 18:18:18,2023-04-07 02:07:25
641,366,9,8493134,2021-01-05,21.27,Series A,2021-02-23 20:34:37,2024-11-18 15:42:02
642,366,19,14060628,2022-01-21,8.28,Series A,2022-04-05 10:16:23,2024-09-25 01:03:54
643,366,14,808107,2021-04-19,17.04,Series A,2023-09-07 00:31:15,2024-01-12 01:56:05
644,368,7,1207488,2018-05-15,4.35,Angel,2024-04-06 02:19:35,2024-08-19 15:33:14
645,368,9,1830050,2012-07-29,15.73,Angel,2024-07-10 00:29:07,2024-04-06 01:08:38
646,369,6,1627600,2024-10-10,1.91,Pre-Seed,2019-04-15 07:52:15,2023-05-17 15:33:00
647,370,4,725479,2019-09-27,14.3,Series A,2023-03-13 15:53:52,2023-07-28 11:54:54
648,370,3,990540,2024-04-08,23.82,Series A,2023-07-30 02:39:56,2023-10-29 19:51:41
649,370,20,811818,2024-06-25,9.1,Series A,2024-03-01 05:05:46,2023-01-01 13:38:03
650,371,18,26748618,2024-02-07,12.87,Series C,2021-07-31 06:43:23,2024-08-07 12:24:09
651,371,10,26335850,2021-07-16,24.5,Series C,2022-05-06 14:48:53,2024-09-19 11:51:14
652,371,1,103478914,2024-01-22,5.89,Series C,2023-08-02 19:08:47,2024-08-03 10:30:18
653,372,11,1978468,2020-07-13,5.58,Angel,2023-02-19 12:52:59,2023-01-06 04:35:34
654,373,12,717870,2023-07-20,17.7,Series C,2023-09-25 00:02:08,2023-09-19 12:04:18
655,373,5,179255,2016-08-22,4.07,Series C,2021-10-23 17:00:16,2024-11-13 16:57:16
656,374,12,106187,2024-01-12,9.75,Seed,2022-06-04 15:47:51,2023-05-17 22:33:30
657,374,4,1222007,2023-06-14,2.87,Seed,2023-12-09 11:24:29,2024-11-30 16:32:25
658,374,19,1617106,2023-03-17,5.18,Seed,2019-03-15 12:10:13,2024-08-22 04:26:22
659,375,16,637508,2018-11-21,17.33,Pre-Seed,2023-09-14 01:28:28,2023-10-16 08:11:05
660,375,6,716778,2022-09-12,8.98,Pre-Seed,2018-07-03 09:43:28,2024-09-11 08:52:57
661,375,9,1077099,2023-07-08,20.59,Pre-Seed,2021-02-27 09:41:06,2023-12-20 01:44:53
662,376,20,1191240,2021-10-25,5.7,Pre-Seed,2022-11-21 12:08:22,2023-06-26 17:30:45
663,376,11,294552,2022-05-28,15.47,Pre-Seed,2021-03-31 08:57:16,2023-06-19 20:40:16
664,378,18,15974207,2018-09-19,12.63,Series B,2021-03-17 12:04:06,2023-07-23 16:16:20
665,378,16,6030427,2022-12-17,24.06,Series B,2018-01-23 23:08:38,2024-11-17 19:49:36
666,378,14,1991510,2017-08-19,1.58,Series B,2023-05-09 04:01:38,2024-01-09 13:55:10
667,379,1,622049,2020-02-08,16.23,Pre-Seed,2019-04-17 08:36:30,2023-09-22 04:59:04
668,379,12,149607,2020-09-26,16.9,Pre-Seed,2022-10-11 08:24:29,2024-03-15 07:28:53
669,381,2,13174497,2021-02-03,11.4,Series A,2024-11-24 09:08:03,2024-12-09 04:09:47
670,381,15,6256505,2024-08-25,21.76,Series A,2024-01-14 16:23:08,2024-10-02 07:35:17
671,382,13,2502984,2022-04-26,22.29,Seed,2024-06-15 17:41:19,2024-05-06 20:16:01
672,383,18,228041,2021-06-04,10.81,Pre-Seed,2019-04-14 07:01:44,2023-03-12 00:14:20
673,385,3,1356639,2024-01-09,16.55,Series A,2020-11-03 23:57:56,2024-09-08 05:12:59
674,385,9,935855,2018-04-27,3.91,Series A,2022-10-09 14:31:50,2023-09-24 14:59:51
675,386,7,1032940,2022-03-04,6.15,Seed,2019-01-20 03:30:50,2023-02-16 04:52:29
676,386,3,663453,2021-05-04,18.33,Seed,2020-10-19 10:46:22,2024-08-07 15:15:09
677,387,17,259818510,2014-09-22,12.34,IPO,2023-08-05 10:48:03,2023-07-08 08:32:12
678,387,13,316274716,2015-04-18,4.39,IPO,2022-06-26 21:04:43,2023-12-12 10:58:38
679,387,18,277521188,2020-07-20,18.86,IPO,2023-11-22 06:29:46,2024-04-22 11:11:46
680,388,7,830136,2023-03-28,9.58,Angel,2021-11-22 02:46:20,2023-05-06 18:09:31
681,389,11,108868,2023-09-23,12.63,Series C,2023-10-07 11:33:48,2024-06-27 07:17:24
682,389,9,722554,2022-09-04,17.63,Series C,2018-07-29 09:07:37,2023-03-15 02:07:48
683,389,4,1784180,2024-08-27,22.7,Series C,2018-01-06 05:49:32,2023-04-30 05:21:37
684,390,9,477269,2018-07-24,7.54,Pre-Seed,2020-09-29 09:18:08,2024-03-10 21:08:01
685,390,6,385948,2023-07-17,3.18,Pre-Seed,2021-03-28 17:36:59,2023-02-03 16:02:16
686,391,10,215922069,2017-05-02,6.62,IPO,2020-08-26 01:24:25,2024-03-08 12:02:17
687,391,15,364099177,2022-09-17,21.85,IPO,2020-08-04 13:46:46,2024-08-12 04:13:58
688,391,12,571652566,2015-10-24,19.36,IPO,2018-05-31 11:00:11,2023-12-28 17:03:09
689,393,20,1669673,2024-07-13,14.18,Pre-Seed,2020-03-08 00:50:58,2023-12-09 07:30:52
690,393,9,1218039,2022-12-14,8.44,Pre-Seed,2018-03-14 18:33:53,2024-03-08 13:32:07
691,393,14,1368157,2021-12-30,24.16,Pre-Seed,2021-02-09 22:33:51,2024-03-13 08:42:27
692,394,11,6575113,2023-02-13,9.73,Series A,2020-10-14 16:23:30,2023-04-13 05:07:41
693,394,19,1404399,2022-11-25,17.01,Series A,2018-01-24 03:06:36,2023-05-22 20:40:14
694,395,15,1117764,2023-09-07,18.17,Series B,2020-05-13 19:14:57,2023-07-11 11:48:43
695,395,8,181743,2020-05-31,20.94,Series B,2024-10-30 05:10:30,2024-11-06 03:59:36
696,396,16,241556179,2020-09-02,1.3,IPO,2020-04-06 23:31:07,2024-06-25 01:37:33
697,396,1,158421118,2020-02-12,21.99,IPO,2020-10-11 21:12:29,2024-11-23 15:21:14
698,397,5,1207493,2017-02-03,20.94,Pre-Seed,2024-08-31 08:15:14,2023-03-26 11:47:40
699,398,3,108700733,2020-11-13,7.18,Series C,2020-11-05 23:18:53,2023-12-13 23:00:40
700,399,9,5163208,2022-09-04,13.4,Series B,2023-10-26 23:14:01,2023-02-20 11:58:30
701,399,6,23962289,2020-12-16,20.31,Series B,2023-07-26 11:59:43,2024-06-08 06:24:59
702,400,20,6760991,2021-01-12,22.04,Series A,2024-04-04 02:00:54,2024-03-19 20:14:00
703,400,5,391688,2022-10-14,20.3,Series A,2019-11-04 03:35:54,2023-06-24 12:44:22
704,401,11,577334,2020-10-22,3.77,Series A,2023-10-21 03:01:34,2024-07-29 13:48:53
705,402,5,1497183,2018-08-12,5.19,Angel,2020-12-17 14:18:37,2023-08-22 23:20:16
706,402,9,1303087,2019-06-07,3.79,Angel,2024-11-09 15:47:23,2024-06-12 15:46:59
707,403,14,16252376,2024-11-09,10.5,Series A,2018-03-27 17:28:57,2023-03-02 19:37:39
708,403,19,6957901,2020-03-23,7.44,Series A,2019-10-24 14:57:27,2023-05-10 19:13:05
709,404,16,1127623,2023-01-10,23.95,Seed,2020-09-17 21:02:42,2024-09-28 23:54:51
710,404,2,1000917,2022-08-27,14.94,Seed,2019-03-16 13:11:02,2023-09-13 03:22:54
711,405,4,52610633,2022-08-04,8.49,Series C,2020-02-11 00:22:38,2024-02-10 03:24:01
712,405,11,97508091,2022-02-24,9.67,Series C,2018-04-21 07:21:05,2024-06-13 06:32:45
713,405,15,107645512,2022-03-27,7.94,Series C,2018-03-15 00:35:06,2024-08-06 17:08:10
714,406,5,708799,2024-02-11,16.2,Seed,2018-03-04 00:25:20,2023-12-26 12:19:10
715,406,18,1247619,2022-10-15,19.46,Seed,2023-12-10 02:38:28,2023-06-13 07:36:25
716,406,8,527747,2021-10-26,7.98,Seed,2019-06-12 20:46:11,2024-03-23 03:25:28
717,407,8,932084,2021-03-20,2.05,Pre-Seed,2020-03-07 16:49:53,2024-08-22 08:16:20
718,408,10,41308790,2013-05-19,16.34,Series B,2021-04-12 23:49:54,2023-03-11 07:10:13
719,409,3,353721,2023-01-24,23.93,Angel,2023-03-16 19:21:14,2024-09-14 22:19:46
720,409,12,453437,2024-08-30,24.57,Angel,2024-10-10 04:35:40,2023-04-22 23:20:44
721,410,4,15935651,2023-05-08,10.16,Series A,2022-02-08 06:05:36,2023-08-31 06:25:24
722,410,11,11491423,2022-10-22,17.08,Series A,2020-09-07 10:54:17,2024-02-20 02:09:32
723,410,10,457593,2024-01-06,16.1,Series A,2020-08-18 18:45:06,2023-07-30 04:10:23
724,411,11,920897,2020-02-22,2.42,Series A,2021-04-12 21:21:19,2024-05-10 17:15:27
725,411,14,4709129,2021-06-30,12.08,Series A,2023-09-14 04:43:25,2023-05-17 06:09:51
726,411,1,9647599,2023-08-07,23.16,Series A,2019-02-03 17:47:32,2024-09-21 02:32:53
727,412,13,1708173,2022-05-31,4.42,Pre-Seed,2020-12-15 14:00:17,2023-07-16 03:40:09
728,412,7,639008,2022-03-07,4.13,Pre-Seed,2018-10-27 09:03:39,2024-08-19 03:45:18
729,412,12,1767060,2022-11-09,3.22,Pre-Seed,2019-01-13 14:06:01,2024-12-26 02:38:05
730,413,10,789924,2016-06-03,19.54,Angel,2024-02-07 23:03:26,2023-09-15 05:00:19
731,413,2,2986252,2022-07-23,5.68,Angel,2019-12-01 00:43:03,2023-07-11 13:32:13
732,414,15,3965842,2019-02-18,24.11,Series A,2024-05-05 10:12:34,2024-11-03 03:00:07
733,414,2,2141920,2021-10-06,3.09,Series A,2018-12-16 21:22:57,2023-02-10 23:54:25
734,414,1,2701331,2021-12-25,20.76,Series A,2022-04-07 23:43:25,2023-04-07 06:39:26
735,416,3,212488,2023-05-22,24.12,Seed,2020-12-12 14:14:18,2023-02-02 20:15:27
736,417,17,1192058,2016-05-24,10.63,Seed,2021-02-04 23:49:45,2024-12-14 17:41:47
737,419,9,1190686,2022-04-14,13.32,Series A,2018-10-08 16:18:25,2023-11-21 00:13:59
738,419,14,4457003,2022-02-18,19.01,Series A,2023-01-24 15:47:11,2024-02-20 23:05:21
739,421,18,1386957,2017-02-16,17.29,Angel,2019-03-31 20:18:58,2024-03-29 12:33:45
740,421,9,687500,2021-01-20,6.44,Angel,2024-02-03 17:14:18,2024-07-13 13:41:55
741,423,1,9746834,2022-11-18,23.15,Series B,2021-04-28 09:21:54,2024-12-07 21:56:00
742,424,6,4814668,2019-01-06,6.32,Series A,2019-09-15 18:23:17,2023-08-24 03:14:52
743,424,12,7245743,2013-11-08,23.56,Series A,2022-03-10 05:49:37,2023-11-15 14:11:40
744,424,5,7074608,2017-06-17,14.81,Series A,2018-02-10 12:28:11,2024-06-08 21:10:20
745,425,10,8718317,2017-01-16,22.02,Series A,2020-04-24 07:42:48,2023-04-04 20:05:13
746,426,15,32527438,2018-05-10,7.65,Series B,2019-05-10 14:27:46,2024-08-15 14:55:36
747,428,2,775545,2022-07-01,9.75,Angel,2019-07-27 00:21:36,2024-12-29 15:49:38
748,428,18,653386,2024-11-03,13.77,Angel,2021-02-10 21:47:53,2024-01-11 10:19:10
749,430,16,5922453,2023-11-26,3.65,Series A,2020-08-11 23:40:53,2023-01-10 16:04:40
750,430,8,8833363,2022-04-13,5.27,Series A,2023-11-14 03:22:36,2023-11-30 14:11:27
751,430,1,7599676,2023-05-29,16.98,Series A,2023-10-18 15:49:52,2024-08-05 17:51:29
752,431,2,81210381,2014-01-14,18.22,Series C,2023-01-24 18:51:31,2023-05-22 16:35:09
753,431,11,34173516,2021-08-13,5.79,Series C,2024-03-26 21:22:44,2024-09-12 06:09:04
754,432,20,1266767,2020-09-18,23.93,Pre-Seed,2022-05-06 10:52:30,2024-02-02 17:00:07
755,433,18,5115916,2015-11-05,11.14,Series A,2024-02-05 22:49:39,2024-06-17 11:05:22
756,433,5,2999720,2014-04-07,15.1,Series A,2021-09-22 14:42:48,2024-07-25 02:26:41
757,435,4,899911,2022-02-03,3.79,Seed,2018-04-15 08:07:21,2023-09-10 11:19:56
758,435,15,644437,2021-07-24,5.51,Seed,2018-06-28 05:27:58,2024-06-10 18:47:41
759,435,5,287468,2021-04-26,24.0,Seed,2018-03-12 10:35:10,2023-02-21 19:15:55
760,436,15,306236504,2022-05-14,13.68,IPO,2021-03-14 13:56:37,2024-11-09 10:43:40
761,436,10,48901302,2024-09-01,18.75,IPO,2021-05-15 02:50:23,2024-05-29 01:52:45
762,437,14,2009495,2023-05-15,2.86,Series C,2024-03-11 14:51:58,2023-06-01 16:45:48
763,437,12,1189983,2023-07-29,20.77,Series C,2024-12-23 14:39:49,2024-11-12 01:12:23
764,440,12,173466,2023-09-15,21.36,Angel,2024-10-02 16:27:00,2024-05-19 15:41:33
765,440,4,413752,2019-04-28,6.44,Angel,2018-05-05 11:45:38,2024-11-22 10:57:47
766,441,6,1618759,2022-01-26,13.17,Pre-Seed,2022-01-14 16:01:16,2024-11-15 04:24:51
767,442,5,2559053,2021-08-29,10.31,Angel,2019-07-09 23:19:48,2024-08-29 08:51:29
768,442,14,1228840,2021-03-24,16.0,Angel,2021-08-30 19:28:26,2024-08-03 04:16:26
769,443,11,223302,2018-05-08,19.0,Pre-Seed,2019-08-07 13:08:04,2023-06-24 01:18:00
770,443,17,1091324,2022-03-04,8.36,Pre-Seed,2020-09-12 15:07:03,2023-01-29 07:05:50
771,443,9,1784333,2019-08-04,6.48,Pre-Seed,2019-01-05 04:03:53,2023-09-24 01:46:35
772,444,13,309605,2024-05-24,11.77,Pre-Seed,2020-06-24 02:21:32,2024-03-01 19:57:01
773,445,12,601212,2021-11-25,15.98,Series C,2019-05-02 02:15:52,2024-04-10 03:35:43
774,445,3,609181,2022-08-07,14.24,Series C,2020-08-26 01:32:24,2023-09-05 15:03:56
775,446,5,1002261,2024-02-25,18.44,Seed,2023-06-17 00:28:38,2023-10-02 02:17:49
776,447,17,476791,2017-10-21,13.84,Seed,2020-09-15 02:19:17,2024-11-28 13:34:11
777,450,2,185411,2023-11-11,20.74,Series A,2018-02-19 21:31:39,2023-10-14 19:32:00
778,450,9,809885,2023-03-22,1.34,Series A,2022-08-20 11:39:23,2023-08-18 08:49:30
779,450,1,696735,2023-06-26,9.38,Series A,2023-06-03 12:55:20,2023-03-15 06:38:27
780,452,4,552307,2014-02-11,6.41,Series B,2019-01-04 00:31:40,2023-01-13 23:54:14
781,453,10,1066601,2021-10-01,22.19,Seed,2019-04-22 04:40:08,2023-11-04 12:50:14
782,454,10,189197,2024-02-21,8.05,Series C,2023-08-27 13:59:39,2023-08-20 10:00:09
783,454,17,659409,2024-10-19,9.81,Series C,2019-02-23 08:27:33,2024-09-17 14:28:55
784,454,9,327485,2022-12-21,5.88,Series C,2022-09-02 22:51:32,2024-03-10 21:24:27
785,456,20,59637062,2023-01-15,1.95,Series C,2023-04-24 14:49:56,2023-12-24 23:36:04
786,456,14,11766623,2016-03-23,11.83,Series C,2019-11-14 08:50:33,2023-08-08 10:06:48
787,456,3,55905399,2021-05-12,19.07,Series C,2019-03-07 00:15:43,2024-05-20 14:21:59
788,457,12,3714233,2023-10-18,15.13,Seed,2021-01-27 12:30:44,2023-08-03 17:52:57
789,457,17,2960270,2023-01-16,18.9,Seed,2019-03-11 18:28:27,2024-02-15 08:48:23
790,458,2,5134718,2019-09-09,10.8,Seed,2021-10-01 14:45:03,2023-02-10 04:17:25
791,458,15,1384207,2023-02-10,16.91,Seed,2022-04-13 12:32:56,2023-01-26 11:04:04
792,458,3,4955089,2022-05-28,11.94,Seed,2021-07-24 21:50:37,2023-10-24 16:28:51
793,459,13,5704371,2023-11-11,17.11,Series A,2023-10-04 10:14:04,2023-10-17 22:44:45
794,459,4,220051,2019-01-13,1.76,Series A,2020-08-10 15:52:52,2024-03-14 15:13:27
795,460,12,456571,2021-12-26,2.63,Seed,2022-05-11 09:17:21,2024-09-15 23:11:15
796,462,9,10217445,2019-06-22,18.44,Series A,2024-01-19 11:05:08,2023-11-01 12:04:45
797,462,19,2863393,2022-05-18,22.46,Series A,2021-11-20 19:20:44,2024-03-01 19:11:58
798,463,3,70024216,2018-02-01,20.99,Series B,2021-01-04 05:54:23,2024-01-28 01:12:23
799,464,18,3736259,2024-08-24,19.91,Series A,2020-04-14 07:39:06,2024-05-28 08:41:56
800,465,17,3843368,2018-11-03,2.64,Seed,2021-09-07 20:01:17,2024-06-20 11:19:32
801,465,14,2110553,2017-07-02,21.57,Seed,2024-08-11 01:01:47,2023-06-15 23:52:03
802,465,1,2219206,2023-03-08,17.58,Seed,2019-03-13 08:03:46,2024-08-29 13:17:25
803,466,9,740440,2024-04-24,7.8,Angel,2018-10-20 17:10:54,2024-05-02 10:49:18
804,466,6,1543921,2020-06-08,23.19,Angel,2023-03-24 22:07:19,2024-10-06 02:28:19
805,468,4,7834239,2021-07-16,15.08,Series A,2022-06-24 23:16:29,2023-06-18 06:55:27
806,468,12,6675434,2020-06-18,18.32,Series A,2023-02-27 12:04:17,2024-05-20 00:57:10
807,469,20,360875,2021-06-05,15.12,Angel,2023-11-19 21:50:24,2023-03-15 03:06:28
808,469,9,806196,2021-06-30,20.07,Angel,2024-03-07 19:07:16,2024-11-11 13:22:15
809,470,9,1409587,2020-12-05,7.01,Pre-Seed,2018-05-22 00:05:46,2023-05-24 01:09:37
810,470,13,1154326,2022-12-06,9.59,Pre-Seed,2021-06-16 16:55:07,2024-04-16 05:25:30
811,470,3,575553,2019-10-17,16.99,Pre-Seed,2024-06-01 06:18:02,2023-09-17 14:10:05
812,471,16,1159088,2024-01-15,16.21,Seed,2022-10-05 01:09:47,2024-02-29 15:54:04
813,472,2,5118771,2015-04-11,18.33,Series A,2024-12-08 12:40:12,2023-03-06 14:43:56
814,472,13,18708834,2019-04-09,7.08,Series A,2024-09-28 14:06:56,2023-09-16 07:38:27
815,473,2,2520213,2021-10-06,10.37,Angel,2024-01-08 00:43:01,2023-01-31 02:50:58
816,473,1,1117375,2018-04-04,1.94,Angel,2021-04-03 19:00:11,2024-01-02 15:21:05
817,475,18,1458385,2014-10-19,15.04,Pre-Seed,2020-05-14 19:58:58,2023-02-22 03:42:22
818,476,1,935182,2020-12-13,10.82,Series C,2021-09-03 18:23:06,2024-08-06 15:20:13
819,476,11,1364870,2023-01-13,23.94,Series C,2021-11-30 09:58:28,2024-03-04 19:41:00
820,477,9,34942809,2022-04-23,24.81,Series B,2019-03-05 18:23:53,2024-08-08 01:15:21
821,477,3,33442391,2024-07-13,2.42,Series B,2020-01-10 21:10:17,2024-07-14 02:15:54
822,477,11,38733255,2019-06-30,15.06,Series B,2020-11-30 05:49:47,2024-06-15 15:08:56
823,478,14,1262968,2024-10-27,23.68,Series A,2021-05-15 01:10:53,2023-02-13 00:47:31
824,478,11,11105621,2024-10-14,5.52,Series A,2018-04-08 12:42:23,2023-06-18 12:30:31
825,479,15,1105126,2024-08-11,22.73,Series B,2019-04-19 14:49:04,2023-01-30 09:43:15
826,479,14,1160629,2024-12-29,21.54,Series B,2018-05-18 22:25:08,2024-06-01 12:44:16
827,480,20,13553714,2019-12-18,12.48,Series B,2022-04-25 02:47:56,2024-11-25 03:16:28
828,480,6,34885530,2024-10-08,4.09,Series B,2020-11-19 17:06:53,2023-12-01 13:17:08
829,481,10,746464,2024-10-02,11.24,Angel,2021-01-16 11:38:06,2023-12-23 03:42:04
830,481,7,498873,2021-06-26,6.88,Angel,2021-04-06 22:32:49,2024-09-26 14:44:04
831,482,19,2009024,2016-04-02,7.35,Pre-Seed,2020-01-07 07:59:01,2023-04-29 23:51:40
832,482,11,556654,2020-07-12,23.21,Pre-Seed,2019-04-10 17:54:38,2023-07-16 04:54:29
833,482,20,932906,2019-10-09,9.87,Pre-Seed,2019-06-30 23:26:32,2024-01-04 07:00:28
834,483,10,3299701,2021-10-02,7.57,Series B,2020-02-18 12:27:42,2023-09-17 08:46:58
835,483,2,14507911,2020-05-22,1.29,Series B,2021-01-27 20:27:25,2024-03-05 23:17:40
836,484,2,702485,2023-04-11,2.81,Series A,2023-09-05 18:14:15,2023-05-08 19:16:28
837,484,5,231784,2018-05-27,20.58,Series A,2019-11-07 23:16:33,2024-06-25 22:02:30
838,485,4,197314,2023-11-08,4.44,Pre-Seed,2018-09-16 16:21:04,2024-02-03 16:24:09
839,485,13,217081,2023-06-03,8.25,Pre-Seed,2024-05-19 01:40:33,2023-04-29 11:38:42
840,485,8,590286,2024-10-23,5.5,Pre-Seed,2021-01-03 17:42:44,2024-10-18 06:43:07
841,486,3,12588782,2022-06-03,22.85,Series B,2024-02-15 19:18:22,2024-05-22 04:37:39
842,486,11,34485449,2024-07-19,11.62,Series B,2022-07-17 00:31:06,2024-06-14 15:52:47
843,486,9,1505902,2022-09-07,20.34,Series B,2021-11-08 04:49:35,2023-11-29 02:44:48
844,487,5,686558,2023-04-26,24.65,Series A,2023-03-17 03:15:28,2024-10-16 06:35:34
845,488,20,1182830,2022-01-25,17.39,Series B,2020-11-19 07:20:58,2024-07-26 09:38:31
846,488,11,1492087,2024-12-03,5.21,Series B,2023-06-07 14:36:05,2023-08-06 09:22:54
847,489,19,692216,2024-04-10,14.42,Pre-Seed,2019-08-13 12:04:25,2024-05-04 12:16:21
848,490,18,889380,2024-03-24,15.89,Pre-Seed,2021-06-05 12:35:23,2024-03-28 12:29:52
849,490,16,833938,2022-11-11,18.21,Pre-Seed,2020-10-01 08:02:22,2024-06-28 04:48:44
850,491,2,12500849,2021-05-20,16.31,Series A,2023-11-02 06:11:09,2024-04-18 06:43:48
851,491,15,6134976,2024-07-16,19.05,Series A,2023-07-22 02:19:42,2024-01-02 23:21:56
852,491,20,4114726,2021-06-08,16.9,Series A,2019-03-26 01:36:36,2024-07-24 21:25:45
853,492,9,19272806,2024-09-13,24.59,Series B,2018-02-21 14:45:12,2024-04-25 00:44:49
854,492,15,14982950,2024-12-01,7.52,Series B,2020-03-29 08:32:28,2023-12-21 21:57:02
855,494,6,2468792,2023-09-28,2.25,Angel,2024-09-26 13:20:57,2023-12-13 18:02:18
856,495,3,12966488,2023-04-12,24.45,Series A,2021-08-30 02:56:50,2024-03-19 06:22:31
857,496,5,15630689,2024-10-07,15.87,Series A,2023-09-08 17:15:26,2023-03-23 13:19:23
858,496,1,13262007,2021-09-17,17.11,Series A,2024-10-15 17:50:46,2023-05-16 02:25:05
859,497,20,1310234,2021-11-26,13.47,Angel,2023-10-21 05:17:08,2024-12-14 21:28:41
860,498,3,16631190,2023-02-26,2.32,Series B,2018-05-03 15:53:23,2023-09-04 15:55:05
861,498,2,19143626,2023-06-21,4.91,Series B,2022-06-30 19:53:02,2023-09-06 13:10:25
862,498,18,18499561,2023-10-08,6.32,Series B,2019-06-14 14:34:50,2024-06-18 10:22:30
863,499,19,51306927,2024-09-08,4.47,Series B,2023-02-20 23:28:13,2023-01-19 21:08:12
864,499,5,57572672,2016-07-03,6.76,Series B,2022-09-30 11:02:32,2024-04-05 11:22:04
