id,startup_id,tag,created_at,updated_at
1,1,women-led,2022-03-29 18:57:44,2024-06-09 09:01:18
2,1,unicorn,2024-12-09 03:04:57,2024-08-03 23:30:40
3,2,bootstrapped,2021-02-24 13:43:19,2023-06-02 03:08:01
4,2,rural-focus,2021-06-11 04:16:44,2023-02-09 11:22:01
5,2,profitable,2023-02-25 01:04:41,2024-01-22 10:26:41
6,2,soonicorn,2021-05-15 05:30:03,2024-01-11 22:32:49
7,2,unicorn,2022-08-10 03:20:46,2023-12-11 09:40:35
8,3,high-growth,2022-07-05 11:25:37,2024-07-17 08:00:20
9,3,series-a-ready,2021-02-25 08:26:37,2023-10-24 09:44:14
10,3,deep-tech,2022-10-11 21:43:29,2023-07-30 21:40:20
11,3,d2c,2023-03-09 13:40:45,2023-04-19 12:35:36
12,3,b2c,2022-10-14 12:26:31,2023-01-19 16:08:34
13,3,bootstrapped,2023-12-07 04:13:00,2023-11-24 00:19:27
14,3,unicorn,2022-03-02 12:46:47,2023-02-16 11:45:35
15,4,social-impact,2023-02-22 15:56:54,2023-01-11 16:07:20
16,4,government-backed,2021-11-28 22:42:04,2023-03-12 10:00:31
17,4,seed-stage,2022-05-03 04:57:18,2024-10-25 18:28:54
18,4,b2b,2022-09-22 10:03:57,2023-10-20 11:49:58
19,4,ipo-bound,2021-09-23 20:52:57,2024-01-24 10:32:49
20,4,unicorn,2021-04-09 05:37:01,2023-08-02 06:51:43
21,5,rural-focus,2024-10-08 11:29:53,2024-01-18 17:17:39
22,5,profitable,2023-07-01 01:17:19,2023-10-02 00:45:58
23,5,unicorn,2022-05-16 10:49:51,2023-07-07 19:20:34
24,6,patent-holder,2021-02-20 17:23:13,2023-07-12 01:07:34
25,6,ipo-bound,2021-11-26 17:56:23,2024-10-23 20:44:36
26,6,ai-first,2022-10-14 17:26:32,2024-08-11 19:23:37
27,6,government-backed,2023-11-11 08:31:51,2023-06-24 06:02:00
28,6,high-growth,2024-03-23 21:35:24,2024-12-16 23:30:47
29,6,unicorn,2023-04-24 16:59:52,2024-12-02 13:39:07
30,7,b2b,2023-09-03 08:19:01,2024-01-30 11:49:01
31,7,unicorn,2022-03-23 07:49:12,2024-05-11 11:56:57
32,8,climate-positive,2022-11-08 06:46:41,2023-04-04 07:30:48
33,8,women-led,2021-06-13 09:18:11,2024-02-06 16:16:00
34,8,unicorn,2021-11-03 14:32:26,2024-07-15 02:09:49
35,9,ai-first,2023-04-23 00:15:04,2024-12-15 15:21:08
36,9,high-growth,2022-04-23 21:44:18,2023-06-13 15:30:50
37,9,unicorn,2023-07-29 22:15:13,2024-05-03 18:09:09
38,9,rural-focus,2022-05-23 04:20:05,2023-06-18 17:23:49
39,10,export-focused,2021-05-30 16:49:56,2024-08-30 04:50:45
40,10,seed-stage,2023-08-09 05:06:40,2023-03-03 15:08:13
41,10,b2c,2021-07-13 19:39:56,2023-11-30 19:18:58
42,11,social-impact,2021-01-26 21:11:11,2024-12-10 22:45:39
43,11,high-growth,2021-04-07 23:40:37,2024-12-24 18:31:52
44,11,unicorn,2024-05-04 08:36:39,2023-02-10 01:01:31
45,11,deep-tech,2022-07-21 19:12:47,2023-01-09 18:46:15
46,11,soonicorn,2022-09-25 09:15:53,2023-09-07 13:12:10
47,12,climate-positive,2023-11-18 03:07:30,2023-02-02 17:59:05
48,12,government-backed,2022-03-11 23:09:33,2023-04-20 10:28:50
49,13,profitable,2023-02-14 03:03:47,2024-08-21 12:47:49
50,14,climate-positive,2024-09-29 16:23:05,2024-03-07 20:57:05
51,14,b2c,2022-01-19 12:38:37,2024-07-26 20:37:48
52,15,deep-tech,2023-05-30 18:25:44,2023-08-13 06:52:55
53,15,b2c,2023-06-29 19:21:46,2023-07-17 09:02:24
54,15,patent-holder,2023-03-07 17:07:24,2023-09-18 17:47:18
55,15,profitable,2023-12-16 03:31:15,2023-03-07 11:34:20
56,16,government-backed,2021-03-13 17:30:43,2024-01-08 22:38:12
57,16,b2c,2024-10-03 18:46:06,2023-02-20 04:44:40
58,17,women-led,2024-07-01 11:01:40,2023-10-29 15:31:10
59,17,b2b,2024-06-28 22:04:57,2023-01-18 18:23:38
60,17,bootstrapped,2023-05-16 11:55:27,2024-05-05 01:10:12
61,17,d2c,2024-11-01 19:22:51,2024-03-26 11:19:55
62,17,ipo-bound,2023-03-25 04:06:47,2024-02-16 05:18:17
63,18,deep-tech,2022-07-20 09:19:34,2024-10-02 01:09:13
64,18,government-backed,2022-03-27 19:54:52,2024-01-24 19:44:17
65,18,unicorn,2021-07-08 06:50:03,2023-01-09 10:48:41
66,18,climate-positive,2024-08-30 14:32:51,2024-05-23 15:28:59
67,18,soonicorn,2023-04-05 02:49:59,2023-11-03 18:43:37
68,18,bootstrapped,2023-07-16 02:24:48,2023-11-24 02:26:12
69,19,women-led,2022-10-03 21:20:57,2024-01-03 07:03:36
70,20,rural-focus,2021-04-30 09:02:42,2023-02-21 08:08:16
71,20,profitable,2024-01-30 22:06:52,2024-11-04 04:03:48
72,20,soonicorn,2021-02-11 15:40:33,2024-02-19 11:20:02
73,20,bootstrapped,2022-02-22 09:19:20,2023-07-20 12:55:23
74,21,women-led,2022-10-11 10:25:09,2023-12-09 03:22:22
75,21,social-impact,2024-09-25 14:28:28,2024-03-02 05:25:54
76,21,high-growth,2023-11-10 11:43:16,2023-01-19 10:32:46
77,22,profitable,2021-05-11 08:10:40,2023-02-17 09:27:44
78,22,high-growth,2022-10-11 03:07:50,2024-07-22 01:43:31
79,22,seed-stage,2023-08-07 04:22:03,2024-10-17 21:44:52
80,22,bootstrapped,2022-09-14 10:53:37,2024-07-09 15:40:59
81,23,export-focused,2021-07-04 08:41:43,2024-02-09 00:01:03
82,23,women-led,2022-01-31 12:11:31,2023-05-04 06:01:33
83,24,ipo-bound,2024-11-16 02:51:16,2023-03-01 21:25:43
84,24,ai-first,2021-12-31 02:05:56,2023-06-23 13:23:03
85,25,unicorn,2021-01-23 14:01:38,2023-03-31 15:10:58
86,25,government-backed,2023-07-06 15:06:43,2024-05-26 04:19:11
87,25,patent-holder,2024-02-08 02:37:09,2024-12-08 10:28:38
88,25,climate-positive,2022-06-08 22:00:24,2023-01-16 17:36:53
89,25,rural-focus,2021-07-14 06:53:07,2024-07-10 07:29:12
90,26,bootstrapped,2023-07-02 16:52:54,2024-01-11 04:06:55
91,26,d2c,2024-07-06 14:41:01,2023-03-02 23:38:26
92,26,b2c,2024-07-06 23:40:14,2024-06-06 14:19:22
93,27,women-led,2023-07-30 21:19:57,2023-05-11 23:14:28
94,27,soonicorn,2023-09-19 18:25:28,2024-03-05 13:30:09
95,27,patent-holder,2023-09-21 07:11:24,2024-01-24 06:08:01
96,27,ai-first,2021-12-13 14:31:15,2023-10-19 14:23:34
97,28,bootstrapped,2022-01-13 04:31:27,2023-04-02 15:41:05
98,28,b2c,2021-04-02 12:20:42,2024-01-23 15:57:48
99,28,social-impact,2022-09-12 17:40:17,2023-12-27 00:02:28
100,29,deep-tech,2022-12-07 15:53:27,2024-07-14 01:50:41
101,30,ai-first,2021-03-13 04:15:25,2024-07-25 00:44:45
102,30,series-a-ready,2024-01-19 12:35:58,2024-03-07 04:38:37
103,30,women-led,2023-09-29 12:05:55,2023-12-07 14:18:42
104,30,profitable,2024-11-11 07:52:20,2024-03-07 04:19:05
105,31,soonicorn,2021-03-27 21:51:19,2024-12-07 10:57:03
106,31,unicorn,2023-03-20 15:59:46,2024-12-13 08:21:34
107,31,export-focused,2021-09-18 14:17:10,2024-09-20 08:55:58
108,31,b2c,2023-01-11 15:11:49,2024-09-05 05:30:22
109,31,bootstrapped,2023-12-05 23:42:10,2023-01-04 04:18:07
110,32,soonicorn,2024-09-28 12:15:52,2023-12-02 20:53:10
111,32,bootstrapped,2022-08-31 09:32:09,2024-11-02 20:30:50
112,33,patent-holder,2021-01-01 11:51:45,2023-06-01 17:57:15
113,33,bootstrapped,2023-08-12 09:29:23,2023-05-02 15:45:27
114,33,women-led,2024-05-14 09:06:29,2023-01-15 05:49:05
115,34,government-backed,2022-02-11 08:22:51,2023-11-22 22:10:35
116,34,seed-stage,2022-11-16 20:12:52,2023-08-11 12:37:54
117,34,ai-first,2022-01-27 21:16:43,2023-04-07 16:18:30
118,34,patent-holder,2021-01-03 13:26:13,2023-11-13 18:34:17
119,34,women-led,2024-01-08 11:05:54,2024-03-23 06:34:01
120,35,unicorn,2023-07-04 22:48:48,2024-10-07 18:15:26
121,35,patent-holder,2024-03-09 11:10:51,2023-10-06 04:19:54
122,35,soonicorn,2021-07-14 22:06:15,2023-04-25 12:45:57
123,35,women-led,2021-05-18 20:22:55,2023-07-07 19:39:35
124,36,rural-focus,2022-11-30 23:01:26,2024-04-28 13:20:23
125,36,b2c,2021-04-18 06:57:52,2023-08-31 09:26:43
126,37,ai-first,2021-10-06 12:40:31,2024-06-20 01:44:00
127,37,series-a-ready,2021-11-05 00:27:00,2023-05-22 18:01:51
128,37,bootstrapped,2021-07-11 10:34:42,2024-06-24 04:37:50
129,37,d2c,2024-11-05 00:14:59,2024-05-19 09:38:16
130,37,government-backed,2021-04-17 21:55:03,2024-07-24 05:05:54
131,38,bootstrapped,2021-10-24 11:09:22,2023-09-01 09:41:26
132,38,b2c,2023-10-07 06:45:15,2024-07-22 09:55:20
133,38,ipo-bound,2022-12-01 18:01:20,2024-06-02 05:36:10
134,39,women-led,2024-07-30 08:17:09,2024-12-08 09:48:16
135,39,ipo-bound,2022-11-06 11:37:07,2023-01-14 06:20:34
136,39,social-impact,2023-11-12 13:15:04,2024-01-19 01:24:09
137,40,social-impact,2021-11-05 22:24:07,2023-04-27 14:51:58
138,40,rural-focus,2024-09-13 04:45:59,2023-05-22 02:31:35
139,40,d2c,2024-10-27 12:41:56,2023-09-07 03:07:14
140,40,series-a-ready,2024-09-17 23:03:04,2023-04-30 04:27:03
141,40,women-led,2022-01-20 05:11:02,2024-02-12 06:34:55
142,41,d2c,2022-12-23 13:47:19,2024-11-23 15:22:37
143,41,ipo-bound,2022-01-01 06:46:48,2023-04-11 19:27:58
144,41,b2b,2021-05-28 00:40:29,2024-03-05 17:00:48
145,41,soonicorn,2024-12-19 02:08:12,2023-12-11 11:38:11
146,42,soonicorn,2022-04-05 15:14:04,2024-04-23 14:02:04
147,42,government-backed,2022-10-07 14:30:52,2023-05-16 20:34:46
148,42,bootstrapped,2021-12-21 15:09:06,2023-01-18 23:48:19
149,42,profitable,2024-03-22 05:03:34,2024-09-17 16:27:04
150,43,seed-stage,2023-07-10 02:43:31,2024-03-29 03:43:53
151,43,government-backed,2023-10-23 02:40:27,2023-11-08 07:21:35
152,43,women-led,2024-02-16 18:06:52,2023-04-26 15:20:40
153,44,soonicorn,2023-04-16 17:34:09,2023-02-08 22:59:20
154,44,b2c,2024-04-03 01:31:35,2023-07-31 22:11:40
155,44,patent-holder,2024-06-25 18:37:18,2023-08-23 08:39:47
156,44,climate-positive,2023-05-17 22:21:04,2023-12-07 16:11:13
157,44,ai-first,2023-07-14 04:28:06,2023-08-07 05:40:28
158,44,bootstrapped,2021-07-06 08:28:28,2024-06-22 23:29:30
159,45,soonicorn,2022-05-09 14:20:43,2023-03-14 20:43:55
160,46,seed-stage,2024-10-30 17:52:03,2024-04-09 17:15:27
161,46,social-impact,2022-06-13 19:26:40,2023-04-11 05:35:04
162,46,bootstrapped,2023-09-18 16:20:36,2024-04-06 11:16:46
163,46,deep-tech,2022-02-22 08:32:44,2023-01-05 19:59:51
164,47,high-growth,2024-02-25 13:17:23,2024-03-05 11:18:09
165,47,women-led,2022-11-04 04:41:26,2024-05-27 21:11:54
166,48,b2b,2021-07-15 17:27:15,2024-12-13 00:36:51
167,49,unicorn,2024-11-17 04:42:10,2023-09-21 06:04:19
168,49,rural-focus,2023-08-05 12:27:31,2023-01-11 19:57:25
169,49,export-focused,2022-11-24 20:37:30,2023-12-24 17:55:51
170,49,ipo-bound,2022-05-01 11:33:27,2024-05-17 15:10:55
171,49,high-growth,2024-04-23 15:56:15,2023-01-07 18:26:18
172,49,women-led,2022-07-24 19:06:29,2023-04-29 08:39:24
173,49,bootstrapped,2021-05-26 16:20:17,2024-11-15 01:44:51
174,50,climate-positive,2021-06-22 23:45:33,2024-07-09 07:43:52
175,50,social-impact,2021-11-27 20:15:43,2024-04-19 10:16:49
176,50,bootstrapped,2022-08-31 16:17:03,2023-11-22 16:26:20
177,51,ipo-bound,2021-12-23 15:08:20,2024-07-21 15:48:36
178,51,export-focused,2023-01-07 15:54:39,2024-12-26 04:01:17
179,51,d2c,2023-01-09 05:09:51,2023-06-14 15:40:47
180,52,seed-stage,2022-10-13 18:32:39,2023-10-08 09:10:52
181,52,ai-first,2024-09-29 21:26:25,2024-11-29 08:49:10
182,52,series-a-ready,2022-11-01 04:07:53,2023-10-06 11:48:41
183,52,patent-holder,2022-07-20 02:13:53,2024-08-06 22:17:35
184,53,rural-focus,2022-04-30 13:06:03,2024-03-20 07:29:42
185,53,series-a-ready,2024-09-25 10:42:32,2024-05-17 07:46:34
186,53,high-growth,2023-03-11 07:34:09,2024-01-09 17:46:11
187,53,b2b,2023-02-21 03:47:39,2024-02-29 17:30:49
188,53,climate-positive,2024-07-14 08:58:33,2024-08-16 15:23:42
189,54,deep-tech,2022-02-04 17:17:50,2024-11-28 23:15:31
190,54,bootstrapped,2023-10-14 09:36:18,2024-09-15 01:24:33
191,54,b2b,2024-11-06 09:38:51,2023-06-24 02:54:01
192,54,d2c,2021-06-23 20:23:39,2024-05-01 13:15:39
193,55,d2c,2021-12-23 17:53:23,2023-08-23 11:31:26
194,55,ipo-bound,2024-02-07 16:11:20,2023-12-22 17:29:36
195,56,soonicorn,2021-03-09 21:30:25,2023-02-10 21:08:36
196,56,export-focused,2022-10-23 19:52:09,2024-10-17 14:21:01
197,56,patent-holder,2021-10-20 00:47:06,2024-03-20 02:44:02
198,56,ipo-bound,2023-03-07 18:51:02,2024-11-22 15:05:21
199,56,deep-tech,2024-04-13 10:19:59,2024-12-01 02:10:35
200,56,women-led,2024-06-07 11:26:26,2024-04-04 13:31:09
201,57,b2c,2022-01-12 13:23:50,2024-09-17 19:26:28
202,58,bootstrapped,2023-02-25 22:46:08,2024-12-09 08:12:30
203,59,soonicorn,2024-10-28 09:18:27,2024-09-20 06:15:27
204,59,government-backed,2023-03-20 17:52:30,2024-09-05 08:52:23
205,59,seed-stage,2024-11-22 15:20:19,2023-09-03 13:02:19
206,59,b2b,2021-04-11 13:12:48,2024-05-06 04:21:58
207,60,bootstrapped,2022-10-19 21:22:12,2024-01-22 02:09:14
208,60,women-led,2021-08-07 16:10:24,2024-12-18 07:27:26
209,60,b2c,2024-01-11 06:23:10,2024-11-16 17:15:40
210,61,unicorn,2022-04-08 07:57:18,2023-11-16 17:35:04
211,61,ipo-bound,2023-02-05 12:34:42,2024-05-25 22:50:52
212,61,profitable,2024-10-28 22:00:22,2024-06-19 12:20:16
213,61,climate-positive,2023-07-06 23:43:06,2023-05-04 21:29:46
214,61,bootstrapped,2023-03-12 19:31:14,2024-05-01 02:13:02
215,62,seed-stage,2021-04-09 09:09:56,2023-01-28 16:56:38
216,62,export-focused,2023-03-05 04:38:10,2024-07-27 14:40:48
217,62,bootstrapped,2021-01-23 17:44:07,2024-11-29 16:51:23
218,62,women-led,2023-11-22 22:12:22,2023-04-15 22:48:15
219,63,ipo-bound,2023-09-14 15:41:44,2024-07-08 04:28:57
220,63,climate-positive,2024-11-02 19:36:45,2024-10-15 20:51:44
221,63,bootstrapped,2023-09-30 04:41:13,2024-06-12 23:08:06
222,63,export-focused,2024-06-07 16:40:46,2023-08-16 15:24:58
223,63,profitable,2024-03-01 22:19:55,2024-01-20 23:14:12
224,64,b2b,2022-07-13 06:03:36,2023-07-03 13:33:17
225,64,government-backed,2023-08-27 07:43:03,2024-05-24 09:40:51
226,64,ai-first,2024-09-18 16:55:12,2023-06-13 08:54:38
227,64,bootstrapped,2023-08-28 19:15:56,2023-06-28 15:57:45
228,65,series-a-ready,2021-05-04 04:12:23,2024-01-20 10:36:52
229,65,ipo-bound,2024-05-28 07:28:22,2024-08-08 11:59:43
230,66,high-growth,2021-10-04 08:48:16,2024-01-05 10:26:48
231,67,deep-tech,2021-09-22 17:22:46,2023-10-29 03:55:12
232,67,women-led,2024-02-27 21:58:53,2024-12-16 16:18:41
233,68,social-impact,2021-05-07 23:51:44,2024-03-04 05:03:41
234,69,b2c,2023-07-18 11:58:55,2023-02-14 10:18:29
235,70,unicorn,2022-03-10 06:38:21,2024-04-11 00:25:32
236,70,d2c,2021-04-06 08:19:00,2024-10-05 08:25:38
237,70,series-a-ready,2021-05-28 06:05:37,2023-04-02 20:05:21
238,70,ipo-bound,2021-04-27 05:21:09,2023-04-25 19:04:18
239,70,climate-positive,2023-09-29 09:11:49,2024-12-29 20:07:16
240,71,d2c,2022-10-30 14:02:43,2023-11-24 21:51:56
241,71,women-led,2022-06-18 21:29:13,2024-03-10 11:12:02
242,71,social-impact,2022-12-03 12:43:45,2024-09-03 05:49:14
243,71,ai-first,2022-09-12 05:48:43,2024-01-26 20:25:26
244,72,women-led,2023-11-22 00:09:53,2023-10-18 21:26:06
245,72,high-growth,2021-12-09 10:51:44,2024-10-22 16:21:24
246,72,export-focused,2024-11-26 12:06:42,2023-11-16 20:25:38
247,72,b2b,2024-08-21 18:19:18,2023-10-21 05:44:12
248,73,high-growth,2023-02-21 22:28:42,2024-09-04 12:20:16
249,73,export-focused,2021-05-02 23:58:33,2023-12-05 02:21:20
250,73,deep-tech,2022-12-29 13:54:52,2024-01-15 05:42:53
251,73,women-led,2021-01-15 21:51:52,2023-02-06 17:17:25
252,74,series-a-ready,2021-07-20 23:42:14,2024-07-18 01:32:40
253,74,seed-stage,2021-01-10 16:10:14,2024-07-13 21:15:45
254,74,profitable,2024-09-13 09:02:32,2024-11-02 16:46:30
255,74,social-impact,2023-03-27 20:56:05,2023-06-30 09:18:15
256,74,ipo-bound,2022-05-18 01:13:45,2023-03-26 19:35:58
257,74,women-led,2022-01-26 14:47:24,2023-03-09 14:16:12
258,75,profitable,2023-07-16 15:51:34,2023-10-10 11:40:20
259,75,bootstrapped,2022-02-04 17:46:43,2023-04-23 18:36:19
260,75,export-focused,2022-10-06 21:30:46,2024-02-11 18:45:07
261,76,women-led,2022-12-08 15:39:43,2024-02-04 04:58:14
262,77,soonicorn,2023-12-26 01:14:39,2023-02-18 22:26:53
263,77,women-led,2023-11-26 13:11:19,2024-11-17 11:37:56
264,77,deep-tech,2021-12-24 17:19:28,2023-08-30 20:47:07
265,78,ai-first,2023-02-18 02:17:00,2024-05-18 17:53:26
266,78,climate-positive,2023-09-06 23:47:43,2023-06-12 12:30:01
267,79,export-focused,2021-02-17 11:19:06,2024-10-31 02:46:59
268,79,government-backed,2021-01-23 09:54:36,2024-11-02 23:03:13
269,79,soonicorn,2024-03-29 22:16:24,2024-10-15 01:20:30
270,79,bootstrapped,2022-01-17 21:40:37,2023-10-10 00:00:06
271,80,government-backed,2022-04-05 16:24:23,2024-01-07 00:51:31
272,80,ai-first,2022-12-09 01:39:30,2024-04-08 08:12:49
273,80,bootstrapped,2021-12-23 13:18:42,2024-04-14 19:39:17
274,81,patent-holder,2022-02-25 22:43:00,2023-01-26 11:20:52
275,81,government-backed,2023-03-31 14:56:48,2023-05-18 22:30:16
276,81,women-led,2023-02-24 04:18:55,2023-04-07 05:23:13
277,82,ai-first,2024-05-27 13:27:03,2023-05-29 03:11:44
278,83,government-backed,2021-07-31 00:03:44,2023-01-14 05:34:33
279,83,patent-holder,2022-04-07 10:47:18,2023-01-29 19:50:10
280,83,ai-first,2024-03-24 14:21:12,2024-10-05 14:41:25
281,83,d2c,2021-06-22 06:54:13,2023-06-08 08:35:30
282,84,social-impact,2021-03-29 00:31:58,2023-10-13 21:02:30
283,84,series-a-ready,2023-06-27 08:26:15,2023-09-14 14:04:56
284,84,women-led,2023-03-14 22:24:27,2023-05-24 22:21:00
285,84,ipo-bound,2023-09-27 16:57:25,2024-10-16 05:09:32
286,85,unicorn,2023-04-29 20:12:57,2024-04-21 11:04:11
287,85,ipo-bound,2021-06-20 15:25:04,2024-02-08 11:33:34
288,85,bootstrapped,2024-05-19 11:16:08,2023-02-07 02:07:25
289,86,soonicorn,2022-03-12 18:20:49,2024-01-06 15:06:45
290,86,profitable,2022-01-15 00:40:07,2023-01-29 01:07:47
291,86,seed-stage,2023-06-16 08:32:14,2023-09-11 02:36:57
292,86,ai-first,2021-03-12 13:42:39,2024-02-02 03:33:36
293,87,climate-positive,2024-01-07 02:04:49,2023-02-11 13:49:58
294,87,d2c,2023-01-12 12:40:32,2024-01-31 04:54:04
295,87,bootstrapped,2023-01-14 07:23:20,2023-05-20 10:23:11
296,88,unicorn,2022-04-21 20:45:50,2023-09-12 13:57:05
297,88,social-impact,2022-06-13 07:38:50,2023-03-29 06:29:50
298,88,d2c,2021-11-12 20:55:53,2024-09-20 11:18:04
299,88,high-growth,2023-02-23 00:35:47,2023-10-31 04:00:58
300,88,women-led,2022-08-07 03:49:02,2024-12-04 14:55:36
301,89,b2c,2023-04-03 10:18:07,2024-11-17 15:33:51
302,89,export-focused,2022-10-27 12:40:04,2023-10-13 17:21:22
303,89,profitable,2023-12-06 13:24:36,2023-05-29 19:47:04
304,90,series-a-ready,2024-06-10 22:11:58,2023-01-15 08:42:14
305,90,government-backed,2023-11-27 10:15:02,2024-09-19 12:03:30
306,91,b2c,2023-01-04 19:45:06,2024-04-26 13:49:22
307,91,profitable,2022-02-19 05:38:47,2023-07-18 19:21:15
308,91,women-led,2021-02-20 07:10:06,2024-10-25 00:27:40
309,92,profitable,2024-04-25 00:46:06,2024-05-12 21:07:21
310,92,seed-stage,2021-04-07 06:22:38,2024-04-17 14:29:34
311,92,soonicorn,2024-12-20 21:51:07,2023-02-11 12:01:41
312,92,high-growth,2022-09-27 05:27:59,2024-01-28 14:25:04
313,92,unicorn,2023-07-25 02:37:13,2023-11-04 23:00:01
314,93,seed-stage,2022-05-20 09:58:08,2023-11-18 21:47:42
315,93,b2c,2022-04-02 04:10:16,2024-12-31 08:34:14
316,94,patent-holder,2023-01-15 15:01:58,2023-03-26 10:32:33
317,94,social-impact,2024-05-01 20:57:36,2023-06-30 10:48:44
318,94,women-led,2024-06-25 06:01:32,2024-11-11 23:46:31
319,94,high-growth,2021-09-18 14:19:25,2023-04-27 09:11:09
320,94,climate-positive,2022-07-12 15:31:59,2023-11-09 13:46:45
321,95,d2c,2021-08-16 01:03:37,2024-04-27 14:26:23
322,96,patent-holder,2023-08-19 10:42:23,2023-03-03 05:49:34
323,97,women-led,2021-04-18 11:06:12,2023-07-08 21:29:38
324,97,bootstrapped,2022-08-07 20:32:18,2023-12-09 03:31:28
325,98,ai-first,2024-01-05 14:27:56,2024-05-25 13:26:04
326,98,unicorn,2024-02-17 21:00:23,2024-02-05 07:55:20
327,99,social-impact,2023-03-18 04:41:19,2024-01-03 16:02:43
328,99,high-growth,2024-03-13 15:20:41,2023-08-24 20:04:17
329,99,b2b,2022-01-16 12:22:08,2024-04-07 12:20:09
330,99,unicorn,2021-06-21 11:05:44,2023-02-18 19:25:32
331,100,rural-focus,2024-01-02 17:07:11,2024-05-10 12:19:41
332,100,ipo-bound,2022-07-21 06:51:05,2024-02-21 11:14:09
333,101,bootstrapped,2024-09-17 12:27:26,2023-12-20 12:00:00
334,101,d2c,2023-10-26 12:06:01,2023-11-29 04:48:57
335,101,unicorn,2024-05-05 05:03:59,2023-06-30 14:16:14
336,101,export-focused,2023-10-27 15:43:07,2024-04-24 21:57:52
337,102,d2c,2021-09-23 11:50:05,2024-12-20 01:23:00
338,102,patent-holder,2024-05-11 14:05:29,2023-10-10 19:04:36
339,102,bootstrapped,2023-08-09 00:51:29,2024-11-12 07:09:03
340,102,government-backed,2022-06-28 20:37:34,2023-06-29 05:34:15
341,102,women-led,2022-12-28 18:54:57,2023-11-01 19:37:31
342,103,seed-stage,2024-05-02 00:46:18,2023-01-27 16:13:21
343,103,ai-first,2023-03-09 19:53:53,2024-06-29 23:04:31
344,104,soonicorn,2023-10-13 02:34:35,2023-07-06 01:10:50
345,104,ipo-bound,2023-08-22 11:13:16,2024-12-03 16:31:09
346,105,social-impact,2024-01-31 13:56:46,2023-01-09 03:27:39
347,105,soonicorn,2021-06-14 00:13:14,2023-03-04 19:38:22
348,105,ai-first,2024-07-16 18:38:13,2024-12-30 15:34:56
349,105,seed-stage,2021-07-04 12:36:26,2024-07-31 15:35:35
350,105,bootstrapped,2021-11-11 00:45:49,2023-07-03 02:01:50
351,106,climate-positive,2021-08-15 04:25:15,2024-01-01 08:16:15
352,106,social-impact,2023-03-07 02:45:56,2024-09-15 09:49:01
353,106,ai-first,2023-06-02 20:15:03,2024-11-03 23:31:21
354,106,women-led,2024-05-24 04:04:51,2024-05-22 00:38:35
355,107,social-impact,2021-10-15 13:52:17,2024-03-21 13:27:11
356,107,government-backed,2024-02-02 21:49:09,2023-01-10 08:24:03
357,107,profitable,2023-01-24 05:50:38,2024-07-01 19:25:42
358,107,rural-focus,2022-05-14 22:39:58,2023-06-27 19:08:04
359,107,d2c,2021-10-26 11:13:15,2023-04-17 03:55:41
360,108,high-growth,2022-12-31 13:45:49,2023-02-25 10:46:22
361,108,social-impact,2024-12-18 12:39:00,2023-08-24 14:15:06
362,108,government-backed,2022-07-20 16:54:01,2023-02-05 15:47:13
363,108,ai-first,2022-06-04 13:30:53,2024-01-23 16:42:11
364,109,export-focused,2024-05-28 14:12:06,2024-06-30 21:25:48
365,109,women-led,2023-07-20 13:15:12,2024-10-03 11:08:08
366,109,government-backed,2023-01-05 01:17:26,2024-08-26 18:26:35
367,109,rural-focus,2024-09-14 14:11:43,2024-05-07 19:31:54
368,109,seed-stage,2024-01-14 23:12:50,2023-09-02 09:56:17
369,110,government-backed,2024-07-16 00:25:22,2024-05-16 22:27:38
370,110,patent-holder,2021-11-22 02:31:42,2023-06-09 20:22:25
371,110,b2b,2023-07-12 11:01:12,2024-10-21 08:14:45
372,110,d2c,2023-04-07 04:40:33,2024-11-11 10:55:46
373,111,unicorn,2022-01-08 21:17:14,2023-07-26 17:42:00
374,111,patent-holder,2023-02-06 06:46:38,2024-01-10 13:07:53
375,111,profitable,2021-05-12 06:02:59,2023-05-16 10:38:04
376,111,export-focused,2023-01-10 10:42:41,2023-11-15 05:45:46
377,112,women-led,2021-12-14 02:27:38,2024-01-08 22:26:28
378,113,export-focused,2023-09-21 16:44:28,2023-09-10 18:03:14
379,113,soonicorn,2023-10-21 16:52:39,2024-03-24 05:48:35
380,114,patent-holder,2021-10-29 02:39:30,2024-03-12 13:57:27
381,114,series-a-ready,2021-12-13 18:18:05,2024-05-22 08:40:08
382,114,b2b,2021-12-05 17:43:12,2023-01-19 04:17:59
383,114,b2c,2022-12-19 13:13:10,2024-04-14 06:41:58
384,114,deep-tech,2022-02-02 13:11:49,2024-02-07 19:53:06
385,114,women-led,2023-01-02 17:23:55,2023-11-02 08:00:56
386,115,patent-holder,2023-05-14 21:11:02,2023-09-30 20:27:57
387,115,ipo-bound,2024-08-12 06:19:43,2024-09-05 15:20:03
388,115,ai-first,2021-04-14 14:05:06,2023-06-28 10:22:06
389,115,bootstrapped,2021-10-29 01:16:37,2024-10-15 19:59:23
390,115,women-led,2023-05-23 09:41:03,2023-02-28 11:49:02
391,116,soonicorn,2021-10-20 23:20:09,2023-11-01 06:13:35
392,116,b2b,2021-12-04 15:10:01,2024-04-29 05:17:54
393,116,seed-stage,2021-07-27 17:25:15,2023-09-11 19:58:04
394,116,b2c,2021-12-01 06:35:54,2024-09-14 08:34:38
395,117,export-focused,2021-02-26 04:06:36,2023-04-18 11:35:56
396,117,women-led,2021-02-21 10:39:55,2024-02-12 00:42:46
397,118,export-focused,2024-04-20 21:14:21,2024-05-07 12:38:18
398,118,women-led,2022-05-17 17:48:22,2024-03-19 22:07:47
399,119,unicorn,2022-05-15 01:29:47,2023-06-06 01:26:31
400,119,social-impact,2021-01-25 18:29:50,2023-12-28 09:04:09
401,119,bootstrapped,2024-12-13 05:58:12,2023-01-16 06:38:18
402,119,patent-holder,2023-06-02 23:03:28,2024-01-23 06:49:16
403,119,d2c,2024-07-10 11:38:22,2023-12-01 17:28:09
404,120,women-led,2021-07-25 06:02:21,2023-05-10 20:59:19
405,121,soonicorn,2022-08-04 13:35:36,2023-05-10 12:44:09
406,121,patent-holder,2024-01-17 01:42:04,2024-10-04 10:21:51
407,121,rural-focus,2023-03-28 08:25:05,2023-09-16 20:56:31
408,121,women-led,2022-10-19 10:53:33,2023-09-27 10:38:44
409,122,deep-tech,2024-05-28 20:41:03,2024-06-14 20:24:18
410,122,high-growth,2024-05-30 17:21:57,2023-02-25 00:39:15
411,122,ipo-bound,2023-02-10 22:29:07,2024-12-13 06:03:25
412,122,series-a-ready,2021-08-25 12:43:06,2023-11-18 04:15:43
413,122,b2b,2023-05-28 13:53:16,2023-08-16 13:08:33
414,123,climate-positive,2022-01-25 08:00:15,2023-09-07 21:14:47
415,123,profitable,2021-11-10 08:11:31,2023-12-06 08:46:56
416,123,seed-stage,2023-03-04 02:55:40,2023-05-25 11:45:50
417,123,soonicorn,2023-08-27 19:42:48,2023-12-27 23:13:46
418,123,b2b,2024-07-06 07:21:06,2024-05-26 00:35:25
419,124,ai-first,2022-02-10 01:16:10,2023-05-25 02:54:20
420,124,climate-positive,2023-03-18 12:39:28,2024-09-24 15:22:02
421,124,government-backed,2021-07-30 04:06:06,2023-07-27 19:57:05
422,125,high-growth,2022-02-28 03:22:41,2023-02-13 01:56:50
423,125,profitable,2024-12-16 19:02:19,2023-09-29 04:23:23
424,125,patent-holder,2023-07-11 04:48:20,2024-10-19 03:23:35
425,126,b2c,2024-06-13 15:08:40,2024-11-02 13:33:01
426,126,ipo-bound,2022-09-29 22:05:01,2023-02-22 02:29:23
427,126,women-led,2024-12-14 05:49:07,2024-02-09 01:23:00
428,126,seed-stage,2024-12-13 11:56:22,2023-04-29 13:48:01
429,126,export-focused,2021-01-16 07:56:22,2023-06-30 20:08:49
430,127,b2b,2023-10-24 19:00:45,2024-12-20 01:26:52
431,127,export-focused,2024-07-20 15:08:52,2023-03-08 11:52:27
432,127,profitable,2023-02-11 05:49:32,2024-04-07 02:31:03
433,127,social-impact,2024-08-31 21:11:54,2024-10-31 18:39:46
434,127,b2c,2022-05-05 20:42:36,2024-04-17 18:59:04
435,127,bootstrapped,2022-02-19 19:19:16,2024-06-14 10:30:32
436,128,export-focused,2023-06-22 14:17:31,2023-06-23 20:12:51
437,129,high-growth,2021-07-23 13:49:29,2024-08-24 01:55:06
438,129,b2b,2024-02-08 18:44:10,2024-11-20 19:50:10
439,129,rural-focus,2023-04-15 13:29:13,2024-08-24 07:37:10
440,129,social-impact,2023-04-09 08:38:35,2024-01-19 18:00:11
441,129,women-led,2022-05-14 12:29:50,2024-11-04 19:42:16
442,130,government-backed,2023-01-29 20:23:08,2023-07-15 06:01:02
443,130,bootstrapped,2021-07-08 07:44:24,2023-05-05 19:02:26
444,130,ai-first,2022-11-07 15:15:51,2023-08-26 14:52:01
445,130,d2c,2022-05-07 15:21:21,2023-02-08 05:49:34
446,130,deep-tech,2022-04-26 17:37:14,2024-04-17 17:10:49
447,131,women-led,2024-08-10 03:54:19,2023-01-15 12:16:51
448,131,series-a-ready,2023-10-30 20:52:15,2024-07-01 05:40:27
449,131,ai-first,2024-02-23 03:27:01,2024-10-15 22:26:24
450,132,b2c,2024-03-12 05:20:32,2023-05-09 20:54:16
451,132,government-backed,2024-12-06 03:16:34,2023-09-02 02:03:14
452,132,series-a-ready,2021-07-06 05:58:48,2024-12-20 18:43:22
453,132,deep-tech,2022-05-11 02:59:54,2023-09-16 18:25:17
454,132,women-led,2023-01-25 10:14:37,2024-05-19 06:35:19
455,133,unicorn,2023-03-10 15:21:14,2024-10-21 19:17:40
456,133,export-focused,2023-09-19 09:31:58,2024-09-06 09:59:20
457,133,ipo-bound,2024-04-23 23:38:14,2023-11-12 05:15:18
458,133,women-led,2024-12-16 10:36:49,2024-11-14 07:06:17
459,134,deep-tech,2024-08-09 18:53:26,2023-05-23 18:07:44
460,135,social-impact,2022-03-09 17:38:31,2023-05-17 06:07:36
461,135,women-led,2023-03-17 23:00:04,2024-07-04 16:05:39
462,135,profitable,2024-07-18 06:56:52,2024-09-25 21:28:19
463,135,high-growth,2021-03-31 03:56:04,2023-09-24 00:39:12
464,136,d2c,2021-05-02 12:56:00,2024-02-16 12:51:41
465,137,deep-tech,2021-11-21 20:30:31,2024-09-03 00:19:34
466,137,women-led,2024-06-24 19:34:38,2023-11-18 03:45:13
467,138,deep-tech,2023-09-16 13:30:30,2024-03-28 19:10:00
468,138,women-led,2021-08-04 14:21:00,2023-08-02 17:22:11
469,139,high-growth,2021-01-27 13:22:13,2024-03-24 11:35:57
470,139,deep-tech,2023-08-05 01:47:33,2023-09-29 10:07:58
471,139,bootstrapped,2024-06-23 13:05:14,2023-03-16 06:54:50
472,139,rural-focus,2023-07-29 05:56:22,2024-09-08 01:11:24
473,139,export-focused,2022-11-14 06:22:45,2024-07-11 23:35:04
474,140,export-focused,2024-11-12 20:33:37,2023-12-10 07:04:35
475,140,rural-focus,2023-01-09 11:55:39,2024-05-27 21:42:51
476,140,women-led,2024-10-10 21:17:32,2023-05-27 19:18:27
477,140,soonicorn,2022-01-26 14:41:57,2024-01-03 21:16:40
478,140,patent-holder,2024-06-27 10:23:30,2023-11-29 20:04:47
479,140,bootstrapped,2023-08-12 10:43:29,2023-09-20 21:05:22
480,141,soonicorn,2023-03-25 05:36:35,2023-01-12 13:07:17
481,141,women-led,2024-11-21 17:38:33,2024-11-29 00:46:05
482,141,high-growth,2022-01-13 16:42:20,2023-07-22 00:13:18
483,141,b2b,2024-08-04 03:28:44,2023-08-13 14:01:37
484,141,profitable,2024-10-02 21:07:10,2024-12-03 07:51:25
485,142,export-focused,2022-05-23 14:40:13,2023-11-13 21:42:22
486,142,series-a-ready,2024-07-06 11:24:45,2023-11-15 12:30:53
487,143,climate-positive,2021-07-30 07:39:40,2023-03-10 22:22:07
488,143,b2c,2021-02-17 06:44:30,2024-10-28 21:49:52
489,143,high-growth,2024-02-28 06:46:52,2024-06-29 20:16:37
490,143,d2c,2021-10-15 03:12:29,2023-09-03 23:15:10
491,144,d2c,2023-05-23 19:38:33,2024-08-21 04:42:23
492,144,women-led,2023-12-28 15:03:40,2023-05-05 11:58:19
493,144,ipo-bound,2023-01-30 20:32:17,2023-03-24 04:29:15
494,144,series-a-ready,2023-06-14 22:21:18,2024-10-02 14:18:44
495,144,export-focused,2024-12-24 18:42:25,2023-12-18 15:57:35
496,145,rural-focus,2024-01-17 05:03:42,2023-12-09 08:13:27
497,146,unicorn,2023-12-14 17:40:02,2023-04-17 19:57:56
498,146,export-focused,2021-01-05 21:07:41,2023-07-12 16:26:14
499,147,unicorn,2023-04-15 10:56:52,2023-03-17 23:48:10
500,147,women-led,2022-08-14 15:40:35,2023-12-23 07:42:31
501,148,ai-first,2021-10-05 16:22:04,2023-05-05 03:31:56
502,148,high-growth,2021-05-31 01:41:36,2023-04-21 05:14:57
503,149,bootstrapped,2021-01-11 13:25:48,2023-04-13 14:27:50
504,149,social-impact,2021-08-24 23:35:11,2023-04-29 08:44:21
505,149,deep-tech,2024-09-14 19:38:03,2023-10-02 19:57:46
506,149,ai-first,2023-11-03 06:39:48,2024-01-11 08:23:18
507,150,rural-focus,2022-05-09 04:13:49,2023-07-08 08:31:50
508,151,climate-positive,2022-11-16 16:05:29,2024-11-27 17:38:27
509,151,profitable,2022-02-21 19:50:55,2024-05-26 12:15:09
510,151,ai-first,2023-12-10 14:22:08,2023-08-10 17:52:01
511,151,government-backed,2021-06-09 19:40:27,2023-12-09 13:45:06
512,152,export-focused,2023-01-30 14:53:01,2023-05-11 02:18:05
513,152,bootstrapped,2023-04-07 22:25:08,2023-12-25 21:35:21
514,153,seed-stage,2024-12-25 14:39:18,2023-12-05 12:33:28
515,153,profitable,2024-10-30 22:33:44,2023-01-06 23:28:29
516,154,deep-tech,2021-05-31 03:21:29,2023-04-05 09:17:45
517,154,d2c,2021-04-18 06:52:13,2023-02-10 17:13:39
518,154,b2b,2021-10-13 03:56:12,2023-12-01 18:50:08
519,155,ipo-bound,2022-05-10 02:54:41,2023-04-14 12:01:35
520,155,women-led,2024-03-17 15:40:02,2024-09-25 10:29:06
521,155,export-focused,2024-06-22 05:38:56,2023-11-17 15:16:51
522,155,rural-focus,2023-08-28 23:02:33,2023-01-31 00:46:21
523,155,social-impact,2021-06-17 09:25:16,2023-05-11 08:00:25
524,156,soonicorn,2022-12-18 17:49:02,2023-03-14 00:59:03
525,156,bootstrapped,2024-07-22 00:48:59,2023-03-06 10:15:06
526,157,profitable,2021-07-11 01:13:56,2024-08-01 04:59:32
527,157,deep-tech,2021-11-02 18:10:38,2023-04-12 13:44:36
528,157,ai-first,2022-04-10 20:23:43,2024-05-12 23:22:43
529,158,rural-focus,2022-01-13 16:55:52,2023-07-02 07:02:13
530,158,unicorn,2021-10-09 09:43:42,2024-05-09 12:19:49
531,158,b2c,2021-09-26 05:24:57,2023-08-02 07:36:14
532,158,ai-first,2021-07-31 05:56:03,2024-07-26 19:30:13
533,159,patent-holder,2024-01-19 01:40:20,2023-03-29 14:08:58
534,159,seed-stage,2022-11-29 21:45:52,2024-02-14 22:45:00
535,160,bootstrapped,2023-06-20 12:41:05,2024-12-14 02:09:38
536,160,high-growth,2022-02-01 04:38:23,2023-12-12 20:36:31
537,160,export-focused,2021-12-02 18:04:30,2023-02-07 07:40:23
538,161,seed-stage,2021-08-18 22:20:44,2023-03-23 22:51:24
539,161,series-a-ready,2024-02-03 18:45:37,2024-05-10 13:53:25
540,162,b2b,2022-05-19 06:30:06,2023-11-09 08:29:47
541,162,climate-positive,2021-07-19 06:06:25,2024-07-19 14:22:53
542,162,series-a-ready,2021-11-23 16:25:48,2024-10-21 21:27:20
543,162,government-backed,2024-11-22 04:17:14,2023-10-07 20:59:45
544,162,unicorn,2021-12-09 07:08:32,2024-07-03 02:23:28
545,163,b2b,2023-04-05 07:48:19,2023-03-21 20:28:53
546,163,b2c,2023-11-04 15:35:16,2024-12-13 16:43:25
547,164,seed-stage,2022-10-22 09:17:19,2024-08-27 14:23:23
548,165,d2c,2022-10-05 18:51:10,2024-04-21 14:42:51
549,165,unicorn,2022-11-05 17:55:00,2024-09-19 02:33:42
550,165,patent-holder,2021-05-14 18:06:23,2024-07-24 04:40:55
551,166,ai-first,2022-07-25 22:52:43,2024-01-15 03:54:05
552,167,unicorn,2022-05-21 11:31:14,2024-07-29 22:11:30
553,167,climate-positive,2024-11-20 10:28:07,2024-02-02 04:35:17
554,167,series-a-ready,2023-03-10 21:34:38,2023-04-11 10:43:50
555,168,export-focused,2022-01-14 18:10:23,2023-02-02 00:21:57
556,168,series-a-ready,2023-01-19 04:30:27,2024-04-18 01:06:28
557,168,b2b,2023-04-09 18:12:37,2024-12-28 22:48:05
558,168,women-led,2022-11-16 23:02:19,2024-12-23 17:43:39
559,169,government-backed,2024-10-22 11:31:41,2023-12-11 13:45:21
560,169,b2c,2023-08-09 00:27:54,2023-09-26 20:08:47
561,169,deep-tech,2024-12-22 19:10:51,2023-07-06 01:04:11
562,169,ai-first,2021-12-25 06:15:47,2024-05-26 07:27:26
563,169,rural-focus,2023-02-12 01:48:19,2024-06-16 19:55:17
564,170,soonicorn,2023-11-18 21:03:22,2023-03-20 00:26:27
565,170,rural-focus,2022-04-05 07:03:36,2024-10-15 21:46:44
566,170,series-a-ready,2021-03-20 02:38:44,2024-10-24 07:12:43
567,170,seed-stage,2022-04-28 17:06:49,2024-12-31 17:59:02
568,170,ai-first,2022-11-01 22:43:58,2024-07-08 04:22:24
569,170,bootstrapped,2024-08-26 17:05:15,2023-05-04 11:01:33
570,171,social-impact,2022-02-19 08:30:39,2023-12-05 18:26:29
571,171,d2c,2021-11-21 09:03:41,2023-03-24 21:26:24
572,172,rural-focus,2022-03-15 15:26:03,2024-10-23 14:17:55
573,172,ai-first,2023-08-24 07:52:16,2023-09-20 17:02:18
574,172,d2c,2024-06-19 23:47:54,2024-07-15 14:29:11
575,173,export-focused,2024-02-06 14:33:01,2023-05-31 03:51:52
576,173,seed-stage,2024-09-07 20:51:27,2023-10-22 08:48:02
577,173,b2b,2021-04-27 14:42:33,2023-02-21 19:19:18
578,173,high-growth,2023-08-09 11:02:09,2023-07-17 06:03:41
579,173,climate-positive,2024-04-06 00:33:51,2023-12-06 15:24:03
580,174,high-growth,2024-01-24 16:17:06,2024-09-13 14:15:24
581,174,rural-focus,2022-06-28 15:26:31,2023-05-15 04:39:42
582,174,women-led,2023-10-06 14:15:11,2023-02-22 11:56:59
583,174,bootstrapped,2023-10-23 03:20:29,2023-02-10 16:22:02
584,175,ipo-bound,2023-06-09 07:11:16,2023-09-17 19:08:42
585,175,women-led,2022-06-04 09:44:12,2024-07-08 04:19:44
586,176,high-growth,2022-01-04 12:35:44,2024-08-08 07:14:58
587,176,d2c,2023-07-01 17:58:39,2023-04-10 22:12:57
588,176,ipo-bound,2022-06-26 10:52:02,2023-04-24 04:31:08
589,176,unicorn,2021-01-07 19:15:41,2024-05-08 01:06:27
590,176,ai-first,2022-05-28 16:15:40,2023-01-28 02:01:52
591,177,b2b,2024-03-06 04:23:05,2023-08-16 01:54:25
592,177,ipo-bound,2024-06-14 10:28:22,2024-11-22 01:39:17
593,177,climate-positive,2024-01-19 22:26:25,2024-12-11 19:46:00
594,177,bootstrapped,2021-03-01 05:06:13,2024-12-16 02:09:31
595,177,patent-holder,2021-05-11 03:44:33,2023-08-28 16:33:23
596,178,bootstrapped,2024-01-30 14:48:11,2023-10-06 22:23:49
597,178,export-focused,2023-08-27 07:01:12,2023-12-06 02:53:30
598,179,climate-positive,2024-07-26 03:25:50,2023-12-18 22:16:36
599,179,ai-first,2021-02-06 23:36:59,2023-06-19 07:54:39
600,179,soonicorn,2021-05-21 04:03:02,2024-11-10 01:40:23
601,180,rural-focus,2022-06-08 21:57:52,2024-04-20 13:11:37
602,180,seed-stage,2023-09-21 01:51:21,2023-01-07 09:51:22
603,180,bootstrapped,2024-10-21 17:46:21,2024-03-04 18:55:42
604,181,soonicorn,2021-01-11 16:34:40,2023-07-06 09:37:43
605,181,deep-tech,2021-02-21 08:35:41,2024-05-24 04:20:55
606,182,ipo-bound,2023-10-19 10:11:14,2023-05-12 20:53:21
607,182,series-a-ready,2023-01-01 08:29:16,2024-04-17 08:37:00
608,182,b2c,2024-06-08 14:37:17,2023-02-02 11:55:36
609,182,rural-focus,2021-06-03 08:30:34,2023-05-23 10:07:37
610,182,social-impact,2024-04-26 21:37:04,2023-08-31 23:32:48
611,183,ipo-bound,2023-05-16 11:51:14,2024-06-29 00:32:21
612,183,ai-first,2024-05-20 01:59:47,2023-10-15 02:37:53
613,183,patent-holder,2022-11-11 11:48:28,2023-08-11 13:36:57
614,183,bootstrapped,2023-10-13 02:33:03,2023-03-31 21:45:34
615,184,unicorn,2024-09-29 16:21:53,2024-12-24 04:01:18
616,184,ipo-bound,2023-07-12 21:29:10,2023-06-16 18:30:22
617,184,bootstrapped,2024-11-15 23:52:29,2024-09-28 12:10:11
618,184,d2c,2022-09-04 10:42:42,2024-12-12 11:44:35
619,184,women-led,2022-05-02 19:56:37,2024-07-12 10:27:18
620,185,high-growth,2021-06-02 06:14:37,2023-06-01 12:16:10
621,186,profitable,2021-10-02 07:56:46,2024-09-25 16:43:41
622,186,social-impact,2024-06-08 18:50:07,2023-10-11 07:49:18
623,186,unicorn,2023-12-15 00:36:59,2023-12-12 08:21:44
624,186,ai-first,2021-09-05 10:26:21,2024-12-11 16:19:14
625,187,profitable,2022-11-01 09:41:02,2024-07-17 14:57:46
626,187,climate-positive,2023-05-19 15:58:59,2023-10-11 22:22:36
627,187,women-led,2024-06-15 18:01:10,2024-04-19 01:52:08
628,187,unicorn,2022-08-09 20:57:22,2024-02-08 04:09:44
629,187,export-focused,2022-11-22 18:41:09,2024-03-05 23:54:51
630,187,bootstrapped,2022-05-14 09:39:31,2023-03-30 10:21:44
631,188,d2c,2022-07-07 10:05:32,2023-01-04 15:26:05
632,189,ipo-bound,2021-05-03 00:08:21,2023-06-05 04:56:09
633,189,social-impact,2023-06-06 13:16:48,2024-08-30 15:39:32
634,189,series-a-ready,2023-04-29 23:19:36,2023-06-03 09:27:20
635,189,soonicorn,2024-07-03 21:26:18,2023-12-14 13:49:03
636,190,women-led,2022-10-17 11:34:06,2024-01-13 10:26:51
637,191,soonicorn,2023-09-04 18:00:27,2024-02-18 19:36:45
638,191,women-led,2024-10-06 12:44:38,2024-01-02 14:41:32
639,192,high-growth,2021-08-12 06:14:16,2024-08-29 02:26:44
640,192,export-focused,2024-01-06 10:12:34,2024-07-06 04:32:02
641,192,bootstrapped,2023-11-20 05:06:16,2023-05-03 13:33:32
642,193,profitable,2023-07-09 13:13:48,2024-02-22 14:10:52
643,193,seed-stage,2024-11-16 07:57:20,2023-08-05 03:31:09
644,193,deep-tech,2021-06-03 23:51:51,2024-10-10 07:04:04
645,193,bootstrapped,2021-01-17 14:28:03,2023-03-24 07:38:05
646,194,women-led,2022-05-19 08:58:43,2023-05-28 23:16:59
647,195,ai-first,2023-10-28 04:16:20,2023-06-17 22:08:14
648,195,social-impact,2023-04-27 17:48:27,2024-09-26 00:58:42
649,195,soonicorn,2024-08-11 21:03:58,2023-12-09 22:22:21
650,195,b2c,2023-02-04 22:12:40,2024-05-05 20:39:43
651,195,d2c,2022-09-25 16:42:39,2024-03-23 19:51:36
652,196,unicorn,2023-05-20 16:32:09,2023-04-06 13:50:33
653,196,government-backed,2021-01-29 17:06:56,2024-11-11 09:24:45
654,197,profitable,2021-05-13 13:47:49,2024-04-21 17:10:47
655,197,women-led,2021-11-19 04:49:37,2024-05-03 06:29:13
656,197,unicorn,2023-06-10 15:18:53,2023-08-28 20:49:26
657,198,government-backed,2023-01-28 01:25:26,2024-07-02 22:18:16
658,198,bootstrapped,2023-01-25 14:15:42,2023-09-21 09:43:43
659,198,b2c,2022-08-08 05:06:55,2023-07-27 22:25:30
660,198,b2b,2021-09-11 15:01:06,2024-05-28 20:15:54
661,199,rural-focus,2024-11-02 18:27:56,2024-05-29 07:46:37
662,199,seed-stage,2021-04-12 03:16:42,2024-05-20 00:26:45
663,199,high-growth,2024-01-01 16:15:38,2023-02-17 06:08:02
664,199,soonicorn,2022-01-24 14:16:43,2023-07-23 10:51:13
665,200,ai-first,2023-04-01 14:35:31,2023-05-13 20:08:37
666,200,series-a-ready,2023-08-02 15:17:07,2024-07-26 06:46:22
667,200,b2b,2022-01-19 11:40:51,2023-10-04 06:51:38
668,200,seed-stage,2022-10-11 16:29:00,2024-08-16 23:55:38
669,200,rural-focus,2024-01-28 03:01:57,2024-09-16 04:39:29
670,201,b2b,2023-12-07 22:48:41,2023-01-02 19:46:17
671,202,export-focused,2022-01-07 07:23:14,2024-12-04 15:44:54
672,202,women-led,2021-02-05 19:16:53,2023-11-13 10:52:10
673,202,ipo-bound,2022-12-16 06:40:45,2023-06-23 16:18:43
674,203,ipo-bound,2022-07-20 06:34:57,2023-06-05 09:22:10
675,203,deep-tech,2022-12-06 01:47:31,2023-01-25 10:37:30
676,203,profitable,2024-05-30 05:59:35,2024-07-08 03:46:10
677,203,ai-first,2022-01-13 03:23:20,2023-05-24 21:29:58
678,203,seed-stage,2022-04-28 13:06:04,2024-08-11 10:59:26
679,204,women-led,2024-09-26 00:49:32,2023-12-26 05:42:28
680,204,government-backed,2021-03-07 09:22:46,2024-05-29 08:37:57
681,204,high-growth,2021-09-20 17:26:49,2023-08-22 12:01:49
682,204,bootstrapped,2022-09-22 06:02:18,2024-04-10 10:32:15
683,204,ai-first,2023-11-06 20:38:52,2024-08-14 01:19:45
684,205,rural-focus,2023-08-18 15:41:35,2024-02-09 01:15:34
685,205,social-impact,2021-06-03 15:26:22,2024-12-25 21:18:08
686,205,b2b,2022-05-04 20:31:29,2024-03-26 18:13:28
687,205,ipo-bound,2023-05-24 03:16:41,2024-03-13 16:49:47
688,205,women-led,2021-11-10 06:13:57,2023-11-28 00:17:08
689,206,b2c,2022-04-11 22:22:04,2024-07-02 03:20:39
690,206,ai-first,2024-04-29 09:16:17,2024-08-16 10:11:38
691,206,profitable,2022-04-18 09:38:31,2024-02-24 11:32:20
692,207,women-led,2022-07-20 02:12:16,2023-01-16 01:41:40
693,208,bootstrapped,2023-05-21 11:59:42,2024-02-24 17:46:54
694,208,profitable,2021-03-22 14:23:44,2023-04-20 01:27:10
695,208,b2c,2023-11-25 10:29:18,2024-04-11 11:39:20
696,208,social-impact,2024-07-16 01:17:13,2023-06-08 11:49:53
697,209,social-impact,2021-09-19 06:48:12,2023-11-20 04:14:54
698,209,soonicorn,2023-05-13 05:12:41,2023-02-20 12:30:23
699,210,export-focused,2023-02-09 05:00:13,2023-09-01 03:43:54
700,210,ai-first,2024-04-25 00:49:52,2023-04-08 12:25:27
701,211,rural-focus,2022-06-17 18:31:52,2024-08-16 02:41:01
702,211,high-growth,2021-11-10 11:07:42,2023-01-01 11:24:14
703,211,export-focused,2021-09-30 11:59:18,2024-11-09 04:37:15
704,211,patent-holder,2022-01-16 10:37:17,2024-01-10 11:04:48
705,211,social-impact,2022-02-02 02:00:46,2024-11-28 17:18:23
706,211,women-led,2023-09-26 06:08:36,2024-02-28 04:53:49
707,212,women-led,2024-07-30 23:27:24,2023-04-30 04:04:08
708,212,soonicorn,2024-08-04 20:41:03,2024-08-03 12:29:26
709,212,profitable,2022-03-17 04:13:46,2023-01-21 23:17:47
710,212,bootstrapped,2024-03-30 18:18:02,2024-10-26 17:36:29
711,213,ipo-bound,2024-10-14 00:39:26,2023-04-27 07:56:47
712,213,patent-holder,2021-09-03 13:32:53,2023-03-15 17:42:15
713,213,ai-first,2021-11-22 13:54:24,2024-08-01 19:22:41
714,213,high-growth,2022-12-16 12:40:19,2024-09-03 20:36:28
715,213,seed-stage,2021-03-10 04:12:43,2024-07-07 13:44:22
716,214,patent-holder,2024-09-27 04:55:04,2024-07-22 09:20:48
717,214,b2b,2024-01-16 12:12:36,2023-10-17 10:18:56
718,214,women-led,2022-01-18 18:33:43,2024-01-20 11:33:25
719,215,patent-holder,2024-07-02 15:18:36,2024-02-20 10:23:45
720,215,rural-focus,2023-07-26 13:42:58,2024-01-03 10:58:44
721,215,series-a-ready,2023-12-14 03:21:04,2024-08-14 23:27:07
722,215,seed-stage,2022-03-12 05:51:19,2024-10-14 23:49:15
723,215,women-led,2024-12-29 17:23:15,2023-12-31 01:02:43
724,215,bootstrapped,2022-10-18 09:17:38,2024-02-09 20:46:49
725,216,climate-positive,2023-09-28 09:58:27,2023-02-15 19:44:28
726,216,bootstrapped,2023-03-24 22:25:12,2023-02-16 05:22:02
727,217,export-focused,2023-03-17 20:26:07,2024-08-13 08:05:03
728,217,profitable,2024-10-08 02:19:48,2024-04-27 17:13:09
729,217,bootstrapped,2024-12-23 05:34:45,2024-12-12 22:33:07
730,218,series-a-ready,2021-09-20 13:46:15,2023-10-07 06:53:27
731,219,seed-stage,2023-04-26 10:55:34,2024-08-25 16:52:03
732,219,deep-tech,2022-06-09 07:28:14,2024-01-22 14:56:37
733,219,women-led,2021-06-30 16:57:45,2024-12-17 03:55:06
734,219,bootstrapped,2021-03-12 00:07:50,2023-12-10 22:55:41
735,220,ai-first,2023-07-28 18:57:26,2023-07-10 19:25:36
736,220,series-a-ready,2021-02-06 12:35:56,2023-12-13 16:29:41
737,220,high-growth,2024-02-10 12:51:04,2024-06-29 21:43:45
738,220,climate-positive,2021-06-22 10:48:18,2024-01-26 07:45:09
739,220,ipo-bound,2024-05-19 06:11:48,2023-12-15 16:52:42
740,220,women-led,2023-12-11 08:30:51,2024-02-09 01:31:36
741,221,profitable,2024-03-04 15:43:18,2024-01-29 16:15:15
742,221,d2c,2022-05-06 12:55:34,2024-11-21 05:32:22
743,221,patent-holder,2021-01-19 02:01:51,2023-02-28 10:44:54
744,221,climate-positive,2022-01-07 08:30:18,2023-03-17 08:07:33
745,221,export-focused,2024-02-29 02:05:30,2024-07-11 21:11:58
746,222,profitable,2021-04-14 13:10:05,2024-12-01 19:13:52
747,222,climate-positive,2022-03-28 10:36:27,2023-05-05 15:04:22
748,223,social-impact,2024-08-19 19:32:17,2024-08-01 04:23:09
749,223,d2c,2021-11-14 03:00:19,2023-01-21 14:34:40
750,223,women-led,2022-06-24 06:10:01,2024-11-16 12:29:02
751,224,climate-positive,2021-05-02 00:23:08,2024-11-03 18:28:02
752,225,patent-holder,2022-10-11 06:14:17,2024-02-02 21:54:56
753,225,series-a-ready,2023-07-25 21:31:44,2023-02-04 09:46:28
754,225,export-focused,2024-02-29 23:32:00,2024-09-22 21:33:14
755,225,seed-stage,2024-09-20 13:47:35,2024-11-15 18:08:00
756,226,patent-holder,2023-02-28 08:29:18,2024-01-17 17:00:40
757,226,deep-tech,2022-02-19 07:20:22,2024-03-29 07:29:13
758,226,unicorn,2022-01-13 14:59:48,2023-09-26 14:17:27
759,226,climate-positive,2021-09-05 05:02:58,2023-02-22 06:10:03
760,226,ipo-bound,2024-05-17 08:19:26,2024-04-20 16:39:22
761,226,bootstrapped,2021-04-26 01:11:33,2024-06-11 01:13:12
762,227,government-backed,2023-06-08 09:10:48,2023-11-26 13:42:29
763,227,climate-positive,2022-01-21 13:00:05,2023-07-14 11:50:33
764,227,bootstrapped,2022-04-24 12:44:13,2023-02-26 13:56:57
765,227,women-led,2024-09-06 00:16:04,2024-01-07 01:51:03
766,228,climate-positive,2022-05-01 11:58:01,2023-12-13 12:43:39
767,228,women-led,2021-09-09 02:37:05,2023-09-04 12:00:32
768,229,b2b,2023-02-25 04:30:14,2024-10-08 21:01:05
769,229,bootstrapped,2023-03-31 13:42:48,2024-04-21 07:33:42
770,230,b2b,2024-07-04 06:01:23,2024-01-04 10:09:50
771,230,export-focused,2024-02-11 09:03:57,2023-12-07 20:35:18
772,231,climate-positive,2023-10-10 06:30:15,2023-03-19 14:41:27
773,232,deep-tech,2024-07-22 13:19:33,2023-04-24 03:06:34
774,232,bootstrapped,2021-01-26 07:02:21,2024-06-14 00:09:13
775,233,b2c,2022-02-02 10:49:26,2024-05-29 05:23:21
776,233,d2c,2024-03-18 03:45:32,2024-08-01 17:21:14
777,233,export-focused,2024-05-06 19:11:55,2023-08-23 06:47:29
778,233,rural-focus,2023-09-11 03:55:25,2023-09-22 06:42:29
779,233,unicorn,2022-11-10 02:14:53,2024-04-23 04:05:02
780,233,women-led,2021-07-28 07:39:20,2023-09-13 23:41:33
781,234,series-a-ready,2024-11-26 05:01:10,2024-12-05 19:01:34
782,234,rural-focus,2022-06-21 05:38:04,2023-08-04 08:43:33
783,234,climate-positive,2021-11-02 23:23:01,2023-10-29 01:46:27
784,235,series-a-ready,2022-05-10 12:01:02,2024-07-16 04:56:15
785,235,ai-first,2024-09-25 15:15:12,2024-12-12 07:07:01
786,235,climate-positive,2021-05-05 05:48:23,2024-05-26 23:32:56
787,235,women-led,2021-06-27 15:47:46,2023-11-11 04:56:58
788,236,high-growth,2021-12-28 06:46:12,2024-01-30 06:56:19
789,236,social-impact,2024-04-19 10:08:10,2023-07-29 08:39:38
790,236,d2c,2022-04-02 12:30:40,2023-07-05 17:54:40
791,237,series-a-ready,2023-08-19 20:10:22,2023-06-26 20:50:39
792,237,rural-focus,2024-07-20 09:47:11,2024-01-27 12:39:09
793,237,export-focused,2022-07-08 16:05:33,2023-06-05 03:05:00
794,237,women-led,2024-09-05 06:06:40,2023-12-27 19:40:28
795,238,series-a-ready,2024-01-04 05:02:14,2024-04-28 16:10:01
796,239,women-led,2023-02-02 18:55:01,2024-06-18 04:33:06
797,239,social-impact,2021-03-11 16:23:52,2024-02-28 07:47:26
798,239,deep-tech,2023-04-27 07:00:00,2024-12-13 23:46:29
799,239,seed-stage,2023-12-23 05:29:14,2023-10-25 19:09:43
800,239,b2b,2021-06-10 03:05:10,2023-01-09 04:58:31
801,240,government-backed,2021-04-20 14:18:13,2023-05-13 16:06:12
802,241,profitable,2023-11-18 00:45:28,2023-07-07 14:08:47
803,241,women-led,2022-06-11 14:12:36,2023-11-29 05:15:06
804,242,patent-holder,2023-05-10 18:54:05,2024-04-08 21:34:25
805,242,social-impact,2024-10-03 20:46:26,2023-07-14 07:29:58
806,242,bootstrapped,2022-11-09 20:11:04,2023-05-19 08:12:08
807,242,b2c,2024-12-24 08:38:45,2023-05-07 19:15:46
808,243,seed-stage,2022-09-08 18:29:35,2023-02-15 17:40:54
809,243,ipo-bound,2023-04-10 05:13:35,2024-11-15 15:35:20
810,243,series-a-ready,2021-05-03 09:28:32,2023-02-18 15:33:15
811,244,high-growth,2023-04-26 05:45:24,2023-09-04 18:30:34
812,244,women-led,2022-09-28 02:27:40,2024-10-20 12:00:54
813,245,unicorn,2021-06-07 02:37:34,2023-04-06 12:51:45
814,245,profitable,2021-11-09 10:46:47,2023-02-15 07:17:32
815,245,series-a-ready,2022-05-04 18:07:16,2024-09-29 02:19:13
816,245,deep-tech,2023-06-24 00:17:01,2024-11-16 17:19:08
817,245,ai-first,2023-02-09 15:44:34,2023-02-14 09:43:48
818,245,women-led,2021-04-27 08:41:06,2023-02-15 04:46:08
819,246,rural-focus,2021-05-18 22:54:18,2023-09-28 15:50:13
820,246,women-led,2023-05-29 00:37:50,2024-02-09 10:11:30
821,246,d2c,2024-01-06 05:48:39,2024-06-01 10:49:05
822,246,patent-holder,2024-08-18 01:35:51,2023-02-02 15:25:44
823,246,profitable,2024-10-11 11:15:53,2024-02-13 09:16:33
824,246,bootstrapped,2021-06-06 12:13:37,2023-08-09 11:37:43
825,247,women-led,2022-12-02 11:06:10,2024-12-15 02:47:05
826,247,series-a-ready,2022-08-02 14:36:39,2024-04-27 05:50:40
827,248,d2c,2022-12-23 14:20:46,2023-09-21 04:54:10
828,248,patent-holder,2024-01-13 02:22:10,2024-06-05 20:40:44
829,248,women-led,2023-11-23 20:34:24,2024-06-18 06:54:06
830,248,bootstrapped,2024-04-24 17:12:15,2024-12-30 06:21:36
831,249,high-growth,2024-06-08 07:14:30,2023-10-23 07:43:12
832,249,ipo-bound,2024-09-02 14:27:37,2024-11-18 00:14:47
833,249,women-led,2023-12-31 21:27:24,2023-02-10 09:37:21
834,250,b2b,2022-07-27 01:16:58,2023-08-12 02:29:32
835,250,series-a-ready,2021-04-09 21:08:02,2024-07-31 07:35:17
836,250,rural-focus,2024-02-12 19:32:30,2024-08-05 09:58:48
837,251,soonicorn,2022-03-23 14:11:44,2024-03-27 20:21:12
838,251,export-focused,2023-01-20 23:07:43,2023-05-17 11:17:45
839,251,rural-focus,2024-10-19 23:55:57,2023-09-05 00:52:41
840,251,ipo-bound,2024-02-25 23:13:04,2024-02-13 08:00:39
841,252,unicorn,2024-10-27 21:19:53,2024-06-08 21:43:06
842,252,series-a-ready,2022-07-26 19:04:50,2023-09-04 10:37:13
843,252,patent-holder,2024-07-19 09:22:24,2023-11-08 03:40:23
844,252,women-led,2021-06-09 02:58:54,2023-10-23 07:59:30
845,253,ai-first,2021-12-22 01:42:49,2023-05-05 03:51:15
846,253,export-focused,2022-07-26 06:29:30,2023-12-15 15:57:04
847,253,patent-holder,2023-04-01 11:30:42,2024-07-19 14:52:08
848,253,d2c,2022-01-28 07:40:23,2024-12-19 18:32:50
849,253,series-a-ready,2024-09-16 23:31:27,2023-09-27 06:01:30
850,254,social-impact,2021-06-07 02:42:29,2023-01-09 05:29:13
851,255,ai-first,2023-04-19 11:28:23,2023-11-14 19:45:11
852,255,women-led,2021-06-19 16:11:27,2023-12-16 11:45:47
853,256,seed-stage,2024-03-17 23:18:25,2023-04-06 18:50:44
854,256,patent-holder,2022-01-08 02:13:04,2024-04-18 20:53:21
855,257,soonicorn,2023-06-14 03:09:14,2024-12-16 11:07:58
856,257,bootstrapped,2021-02-09 15:20:00,2024-07-19 12:03:16
857,257,women-led,2022-12-24 17:52:41,2024-07-03 16:44:24
858,258,b2c,2023-12-18 06:37:35,2024-09-09 03:49:34
859,258,women-led,2022-10-25 17:44:48,2023-03-20 04:16:35
860,259,ai-first,2024-01-01 09:36:52,2023-01-10 06:59:02
861,259,series-a-ready,2023-02-01 22:47:02,2023-09-04 22:20:38
862,260,social-impact,2022-11-18 17:16:18,2024-11-06 19:54:20
863,260,export-focused,2024-02-21 11:19:35,2024-09-04 12:56:49
864,260,unicorn,2023-11-26 21:05:04,2024-04-13 16:40:49
865,260,government-backed,2021-01-31 15:17:30,2023-03-29 12:17:47
866,260,soonicorn,2024-08-16 23:26:41,2024-02-07 13:45:27
867,261,soonicorn,2021-01-16 12:33:12,2024-07-25 23:10:04
868,261,women-led,2021-11-19 11:57:16,2023-12-24 12:50:52
869,262,d2c,2022-11-08 14:59:03,2024-10-03 03:18:53
870,262,profitable,2021-11-16 21:22:52,2024-10-19 23:41:20
871,262,series-a-ready,2022-07-14 19:49:59,2023-05-12 21:15:41
872,262,government-backed,2021-04-22 02:14:21,2024-01-14 10:56:23
873,262,climate-positive,2024-09-27 19:31:41,2024-11-13 10:31:52
874,263,series-a-ready,2023-07-21 04:01:30,2024-09-16 09:36:31
875,263,social-impact,2021-02-02 12:25:09,2024-12-04 03:51:21
876,263,profitable,2023-04-29 18:08:11,2023-04-28 11:18:52
877,263,climate-positive,2024-08-15 11:28:50,2024-05-27 09:33:58
878,263,ai-first,2023-03-07 01:08:54,2023-12-26 09:52:49
879,264,b2b,2024-03-20 22:00:44,2023-03-13 12:33:21
880,265,high-growth,2024-05-25 09:11:11,2024-05-21 20:35:31
881,265,women-led,2024-07-27 17:09:13,2023-02-24 03:30:13
882,266,government-backed,2024-10-22 12:44:42,2023-04-24 22:46:58
883,266,deep-tech,2023-12-21 02:03:57,2024-11-14 15:29:28
884,266,women-led,2023-08-01 16:12:40,2023-10-21 05:27:46
885,266,ai-first,2021-01-28 20:13:25,2023-12-20 09:27:04
886,267,deep-tech,2023-04-25 15:49:12,2024-01-11 12:13:39
887,267,social-impact,2023-01-15 03:56:26,2024-03-18 04:27:45
888,267,seed-stage,2023-02-23 04:15:44,2023-11-27 22:07:22
889,267,patent-holder,2021-02-24 22:27:53,2024-12-14 09:54:41
890,267,high-growth,2023-02-21 23:00:12,2024-11-16 23:12:12
891,268,ipo-bound,2024-08-28 21:54:53,2023-05-02 21:25:23
892,268,women-led,2021-03-10 14:29:30,2024-06-12 21:06:57
893,268,government-backed,2023-05-09 21:58:09,2023-09-02 06:31:19
894,268,ai-first,2023-10-07 10:10:22,2024-11-17 23:27:08
895,268,export-focused,2023-11-19 11:36:42,2024-02-17 07:49:16
896,268,bootstrapped,2022-01-26 17:11:03,2024-05-06 04:29:21
897,269,export-focused,2021-10-14 04:22:25,2024-12-12 19:45:50
898,269,b2c,2024-04-07 21:46:08,2023-07-12 16:57:39
899,269,b2b,2022-08-28 04:50:55,2024-06-17 14:31:32
900,269,patent-holder,2024-09-13 22:21:36,2023-03-04 00:04:09
901,269,women-led,2022-11-11 04:44:24,2023-03-03 14:38:11
902,270,b2c,2023-08-18 03:02:08,2023-02-26 20:07:06
903,270,unicorn,2024-05-26 06:19:51,2024-10-17 18:59:04
904,270,rural-focus,2023-04-08 22:43:01,2024-10-06 13:48:44
905,270,ipo-bound,2024-04-14 04:59:37,2024-06-01 10:05:31
906,271,b2b,2024-02-11 15:24:51,2023-02-04 22:28:13
907,271,social-impact,2023-07-10 00:47:26,2024-06-27 10:08:33
908,271,d2c,2023-05-23 10:28:28,2024-06-01 02:14:34
909,272,women-led,2024-02-14 22:32:50,2023-01-20 23:25:58
910,272,b2b,2024-04-27 16:53:24,2023-09-30 00:09:59
911,272,seed-stage,2021-09-27 21:13:20,2023-04-06 07:18:02
912,272,soonicorn,2021-06-27 01:31:52,2023-08-02 00:05:37
913,272,bootstrapped,2024-04-18 17:37:50,2024-03-10 02:46:51
914,273,b2b,2024-07-07 11:25:42,2023-11-23 16:26:22
915,274,ipo-bound,2023-09-15 07:39:53,2024-10-29 10:11:26
916,274,bootstrapped,2023-03-25 16:00:22,2023-02-09 12:46:54
917,274,women-led,2022-12-04 22:46:28,2023-02-25 15:05:09
918,275,bootstrapped,2023-01-08 22:53:42,2023-01-30 10:22:58
919,275,b2c,2023-09-10 15:39:21,2023-01-10 22:07:46
920,275,high-growth,2023-06-29 05:15:37,2023-02-10 15:00:08
921,275,women-led,2023-07-13 22:43:18,2024-04-08 08:58:17
922,276,profitable,2021-07-03 13:16:09,2024-12-31 09:07:26
923,277,bootstrapped,2023-11-27 11:55:36,2023-11-20 21:50:07
924,277,b2b,2022-05-29 12:39:35,2023-01-05 07:51:02
925,278,b2b,2021-08-20 06:34:45,2023-08-22 01:13:48
926,278,bootstrapped,2021-12-12 04:48:18,2024-03-16 22:31:43
927,279,series-a-ready,2021-09-10 18:58:52,2023-04-05 03:28:35
928,279,seed-stage,2021-02-12 13:59:36,2023-10-03 10:22:38
929,279,bootstrapped,2023-04-22 16:35:04,2023-05-19 20:19:57
930,279,export-focused,2023-10-24 07:44:17,2024-03-23 03:50:01
931,280,deep-tech,2021-07-20 22:39:53,2024-10-15 22:24:30
932,280,ai-first,2024-11-15 17:15:14,2023-05-10 13:41:57
933,280,high-growth,2021-06-23 16:41:24,2024-10-31 18:46:48
934,281,social-impact,2021-02-08 08:02:54,2023-08-28 20:01:27
935,281,government-backed,2023-12-11 05:32:05,2023-06-13 13:33:08
936,281,b2b,2024-01-22 18:19:18,2024-10-14 03:29:05
937,281,export-focused,2024-02-14 10:53:16,2024-02-11 08:48:14
938,281,bootstrapped,2024-05-19 08:15:35,2023-12-22 22:10:09
939,281,women-led,2021-01-20 15:46:41,2023-07-29 03:05:39
940,282,climate-positive,2021-07-24 13:22:36,2024-05-31 08:14:30
941,282,profitable,2023-08-17 00:52:27,2023-07-03 04:59:14
942,282,high-growth,2021-03-16 21:13:06,2023-07-22 22:15:13
943,282,soonicorn,2021-04-10 17:35:06,2024-11-01 02:04:42
944,282,bootstrapped,2021-09-19 16:52:35,2024-05-11 07:19:46
945,283,women-led,2023-01-20 18:12:16,2023-01-03 01:03:36
946,283,soonicorn,2022-03-27 13:52:03,2024-08-15 12:21:56
947,283,social-impact,2022-05-09 12:49:15,2023-09-07 09:09:09
948,283,climate-positive,2023-12-21 06:03:45,2023-03-29 17:40:16
949,284,export-focused,2021-05-01 05:45:53,2023-11-13 16:46:39
950,284,unicorn,2023-04-04 18:05:18,2024-07-15 08:50:16
951,284,ipo-bound,2022-12-26 09:00:11,2024-04-04 09:01:28
952,284,profitable,2024-06-30 16:04:01,2023-04-07 19:59:47
953,284,social-impact,2021-11-29 20:51:17,2024-09-28 04:04:03
954,285,high-growth,2021-05-16 00:42:46,2024-04-24 11:51:23
955,285,ipo-bound,2024-07-23 13:56:12,2023-07-27 07:43:35
956,286,women-led,2023-02-03 17:52:08,2023-03-07 03:51:54
957,286,profitable,2024-03-26 15:45:16,2024-06-19 23:11:56
958,286,soonicorn,2021-02-23 04:57:55,2024-12-11 00:59:33
959,286,bootstrapped,2022-05-23 00:30:41,2024-05-14 22:47:18
960,287,women-led,2021-05-25 15:23:29,2023-12-17 06:02:52
961,287,profitable,2024-01-24 18:34:13,2024-09-18 19:05:55
962,288,export-focused,2023-03-08 06:04:44,2023-10-09 05:34:53
963,288,deep-tech,2024-12-07 14:22:33,2024-01-24 11:34:14
964,288,patent-holder,2021-02-05 18:10:11,2024-03-03 02:42:09
965,288,ipo-bound,2021-08-24 07:12:46,2023-10-30 02:58:01
966,288,women-led,2021-11-05 08:53:36,2024-12-20 21:20:23
967,289,government-backed,2023-10-07 20:14:11,2024-02-18 02:11:06
968,289,women-led,2022-01-19 20:31:25,2024-03-16 14:28:53
969,289,rural-focus,2022-06-30 04:12:36,2023-02-06 09:43:18
970,289,soonicorn,2021-08-19 04:58:44,2023-07-15 21:50:52
971,290,patent-holder,2024-01-04 21:48:59,2023-12-18 06:56:04
972,291,government-backed,2023-04-30 21:01:51,2024-08-20 19:50:49
973,291,d2c,2024-12-18 12:45:17,2024-03-09 22:46:21
974,291,series-a-ready,2022-09-05 19:24:55,2023-06-27 15:13:05
975,291,export-focused,2023-11-08 14:11:50,2023-04-09 05:12:46
976,291,seed-stage,2022-01-29 15:01:39,2024-04-11 09:16:52
977,292,social-impact,2021-09-02 23:52:50,2023-12-27 08:42:23
978,292,b2c,2023-12-30 02:15:28,2024-11-05 06:16:16
979,292,rural-focus,2024-02-19 11:27:13,2024-07-18 21:23:25
980,292,export-focused,2021-11-30 03:23:54,2023-01-29 21:44:21
981,292,women-led,2023-08-29 07:13:34,2023-01-28 15:07:23
982,293,profitable,2023-07-21 15:59:35,2023-10-16 08:14:41
983,293,deep-tech,2021-07-01 11:37:36,2023-12-11 20:35:38
984,293,social-impact,2022-12-04 21:29:17,2024-06-17 01:55:52
985,293,women-led,2024-12-21 03:01:12,2024-03-03 05:06:02
986,293,bootstrapped,2022-01-23 13:21:01,2024-04-15 01:22:45
987,294,deep-tech,2024-03-24 06:04:06,2023-02-21 22:16:08
988,294,export-focused,2024-11-30 03:19:57,2023-12-01 21:28:39
989,294,patent-holder,2022-01-05 16:19:44,2024-12-08 09:36:39
990,294,social-impact,2022-03-05 22:47:54,2024-09-22 14:07:09
991,294,climate-positive,2024-09-23 23:45:27,2024-04-21 17:33:05
992,295,export-focused,2022-02-01 11:33:59,2023-07-19 21:15:08
993,295,b2c,2023-08-09 22:53:54,2024-12-13 08:19:33
994,295,climate-positive,2023-08-07 15:49:07,2023-02-22 04:09:32
995,295,patent-holder,2021-06-19 16:52:13,2023-11-03 05:43:07
996,296,d2c,2023-10-04 10:06:35,2024-03-24 20:37:42
997,296,deep-tech,2022-05-06 05:14:00,2024-05-08 04:02:10
998,296,women-led,2021-07-23 16:04:47,2023-01-04 14:07:32
999,297,series-a-ready,2022-02-04 02:48:35,2023-06-04 20:51:07
1000,297,ai-first,2024-07-29 04:07:52,2023-11-14 05:45:46
1001,297,b2c,2023-09-01 16:35:51,2023-03-22 15:13:08
1002,297,climate-positive,2024-08-28 14:15:20,2024-06-30 13:06:35
1003,297,patent-holder,2021-06-20 19:24:53,2024-11-16 23:24:42
1004,297,women-led,2023-06-27 19:39:32,2023-01-20 21:44:11
1005,298,climate-positive,2024-06-20 22:47:20,2023-02-24 13:50:49
1006,298,deep-tech,2022-04-21 11:46:03,2023-07-06 12:57:58
1007,298,b2c,2022-08-14 10:28:38,2023-10-23 17:56:33
1008,298,series-a-ready,2022-02-03 23:11:23,2023-02-11 10:10:42
1009,298,high-growth,2021-03-22 16:15:33,2024-01-14 05:21:23
1010,299,deep-tech,2024-04-22 00:08:33,2023-10-11 01:49:38
1011,299,climate-positive,2023-05-12 08:52:42,2023-07-01 07:37:08
1012,299,high-growth,2024-12-13 15:28:34,2023-08-02 21:08:41
1013,300,d2c,2022-08-09 05:28:05,2024-12-13 10:27:33
1014,300,bootstrapped,2022-11-29 04:12:42,2023-01-28 03:26:51
1015,301,profitable,2023-02-24 10:06:27,2024-06-29 20:08:23
1016,301,unicorn,2023-06-12 20:14:07,2023-10-31 09:42:44
1017,301,high-growth,2024-09-19 18:48:51,2024-03-26 07:17:04
1018,301,deep-tech,2024-09-08 23:27:04,2023-08-08 16:10:45
1019,301,bootstrapped,2023-08-20 17:28:04,2024-06-09 14:54:48
1020,302,bootstrapped,2023-10-25 22:34:42,2023-08-24 18:26:32
1021,302,unicorn,2021-09-25 17:50:27,2024-09-18 17:41:45
1022,303,ipo-bound,2024-09-13 15:47:59,2023-01-05 18:29:17
1023,303,b2b,2024-03-01 10:11:06,2024-12-04 01:04:58
1024,303,unicorn,2021-02-02 18:25:29,2023-06-12 18:45:55
1025,303,rural-focus,2021-07-17 08:11:34,2024-03-04 07:26:58
1026,304,b2c,2023-08-01 02:28:59,2024-02-10 08:29:09
1027,304,deep-tech,2022-12-03 01:51:56,2023-06-30 05:28:08
1028,304,series-a-ready,2022-03-04 00:33:52,2023-10-14 01:20:07
1029,305,profitable,2021-02-04 17:51:45,2024-04-29 05:52:51
1030,306,government-backed,2022-10-13 10:58:23,2023-11-01 08:42:24
1031,306,d2c,2022-09-13 12:25:59,2024-11-11 08:49:56
1032,307,ipo-bound,2024-09-22 20:54:00,2024-01-12 22:52:52
1033,307,soonicorn,2021-10-28 01:23:52,2024-05-23 15:10:32
1034,307,unicorn,2022-09-08 15:44:31,2024-05-09 06:46:26
1035,308,profitable,2021-03-21 13:01:19,2023-05-08 10:19:36
1036,308,b2c,2021-06-22 01:15:42,2023-12-04 23:52:39
1037,308,seed-stage,2023-06-13 05:04:46,2023-12-20 11:00:12
1038,308,ai-first,2024-08-08 18:36:22,2023-05-23 09:06:33
1039,309,high-growth,2022-06-25 05:31:02,2024-06-16 00:53:08
1040,309,ai-first,2021-07-29 08:29:04,2024-06-27 10:45:36
1041,310,unicorn,2024-05-06 13:28:06,2024-01-26 11:07:00
1042,310,government-backed,2023-11-22 00:14:25,2024-10-12 16:41:41
1043,310,deep-tech,2021-12-28 02:21:49,2023-12-23 06:12:29
1044,310,climate-positive,2023-02-28 14:47:11,2024-03-29 22:37:49
1045,310,women-led,2023-11-15 18:05:24,2024-09-22 10:00:00
1046,311,deep-tech,2024-07-20 18:51:43,2023-09-13 01:42:13
1047,312,deep-tech,2022-09-14 06:20:37,2023-09-15 04:37:22
1048,312,b2b,2023-06-18 05:10:43,2024-09-27 20:19:03
1049,313,ipo-bound,2024-01-14 18:57:49,2024-02-23 13:15:13
1050,313,climate-positive,2022-04-15 06:27:17,2024-07-24 10:33:01
1051,313,series-a-ready,2022-02-15 16:36:46,2024-12-13 09:01:50
1052,314,export-focused,2023-04-17 09:44:10,2023-12-11 23:25:03
1053,314,high-growth,2024-05-05 03:52:56,2023-11-03 20:20:35
1054,314,deep-tech,2023-08-27 07:16:38,2023-12-31 03:48:59
1055,314,unicorn,2022-08-03 14:25:59,2024-12-17 02:34:45
1056,314,b2b,2021-04-22 09:07:32,2024-05-07 17:18:44
1057,314,women-led,2021-02-19 20:37:58,2024-10-13 23:02:49
1058,315,b2b,2024-03-31 10:52:06,2023-10-03 03:02:16
1059,315,series-a-ready,2021-01-11 21:18:33,2024-01-27 04:51:55
1060,316,b2b,2021-08-13 00:26:12,2024-05-19 21:06:31
1061,317,seed-stage,2024-12-03 23:11:04,2024-11-14 06:24:15
1062,317,b2b,2024-01-14 13:08:56,2024-02-08 18:58:39
1063,317,social-impact,2021-06-12 21:44:36,2024-01-01 15:33:01
1064,317,ipo-bound,2021-09-02 17:12:16,2024-04-23 12:25:28
1065,317,women-led,2022-06-27 01:29:28,2024-05-27 02:55:05
1066,317,bootstrapped,2021-09-10 00:29:10,2024-02-29 06:10:46
1067,318,export-focused,2024-05-17 08:49:44,2023-12-23 01:12:23
1068,318,ai-first,2021-11-19 18:08:51,2023-07-07 11:32:31
1069,318,women-led,2022-05-15 10:57:11,2023-02-03 17:47:38
1070,319,deep-tech,2023-08-03 21:58:17,2024-06-21 03:59:25
1071,319,women-led,2023-12-29 10:16:14,2023-02-08 16:56:46
1072,320,patent-holder,2022-06-08 20:57:37,2023-08-15 19:42:07
1073,320,rural-focus,2023-09-20 18:10:39,2024-05-22 20:55:24
1074,320,high-growth,2022-02-10 22:29:18,2023-11-20 07:54:28
1075,320,women-led,2024-05-06 06:09:30,2024-10-02 03:37:24
1076,321,b2b,2023-07-09 15:22:52,2023-01-14 08:24:27
1077,321,social-impact,2023-06-03 19:37:39,2024-07-30 09:21:04
1078,321,b2c,2023-08-19 21:20:23,2023-01-10 18:14:41
1079,321,ipo-bound,2022-11-14 12:03:55,2023-01-25 06:13:03
1080,322,seed-stage,2023-10-07 04:46:32,2024-04-26 23:50:56
1081,322,patent-holder,2023-04-21 10:48:48,2023-02-20 20:53:49
1082,322,b2c,2022-04-04 23:57:32,2024-07-02 06:04:23
1083,322,soonicorn,2022-12-04 04:42:44,2023-07-27 05:34:13
1084,322,d2c,2023-12-19 20:16:46,2024-08-20 06:42:50
1085,323,b2b,2021-02-12 08:01:09,2023-08-21 12:31:09
1086,323,government-backed,2021-08-13 12:24:29,2023-09-06 11:07:54
1087,323,ai-first,2021-01-23 09:50:47,2023-04-08 04:44:20
1088,324,export-focused,2022-09-04 21:43:13,2023-12-26 12:53:48
1089,325,ipo-bound,2022-08-13 20:51:28,2023-07-07 06:16:15
1090,325,b2c,2021-02-08 22:11:56,2024-10-28 03:56:45
1091,325,series-a-ready,2022-08-17 01:44:15,2023-05-21 01:37:21
1092,325,government-backed,2023-07-14 13:47:57,2024-03-05 02:03:38
1093,326,rural-focus,2024-06-22 23:25:31,2023-03-12 02:41:15
1094,327,ai-first,2023-03-16 04:34:16,2023-03-26 22:24:59
1095,327,women-led,2023-06-26 05:40:49,2023-03-17 20:29:26
1096,327,export-focused,2021-09-19 14:17:55,2024-04-26 20:49:32
1097,327,government-backed,2021-12-31 23:06:38,2023-11-10 15:22:56
1098,327,bootstrapped,2021-09-15 00:49:10,2024-08-20 02:01:52
1099,328,bootstrapped,2023-11-20 02:06:37,2024-02-18 15:33:09
1100,328,women-led,2023-07-17 04:15:53,2024-06-04 17:11:38
1101,329,bootstrapped,2022-05-08 08:54:51,2024-10-10 12:57:37
1102,329,women-led,2022-02-21 11:07:42,2024-03-17 16:23:10
1103,330,unicorn,2022-10-12 13:49:54,2023-10-22 11:14:24
1104,330,women-led,2021-12-13 17:07:11,2024-11-10 04:26:15
1105,331,bootstrapped,2023-01-16 08:43:57,2024-09-03 15:59:14
1106,331,women-led,2021-04-28 07:39:23,2024-12-19 11:09:36
1107,332,ai-first,2022-02-23 09:05:31,2024-02-16 22:03:33
1108,332,bootstrapped,2022-01-31 04:54:21,2024-10-07 07:05:12
1109,332,patent-holder,2022-04-11 17:44:55,2023-04-07 05:15:59
1110,332,high-growth,2022-07-21 06:05:48,2023-12-31 04:05:55
1111,333,seed-stage,2021-03-08 17:39:07,2024-12-04 05:42:41
1112,333,climate-positive,2024-12-29 12:08:23,2023-03-10 21:16:56
1113,333,women-led,2024-07-18 01:13:14,2023-02-20 03:07:36
1114,333,bootstrapped,2021-07-08 15:59:05,2024-07-12 05:49:29
1115,334,b2c,2021-07-19 04:21:34,2023-09-26 01:00:44
1116,335,soonicorn,2024-04-25 05:21:49,2024-06-08 18:59:14
1117,335,women-led,2024-03-26 18:23:51,2023-02-19 21:59:20
1118,336,unicorn,2022-04-07 17:55:46,2023-07-07 14:51:32
1119,336,women-led,2024-08-21 20:53:30,2023-10-29 04:27:56
1120,337,ipo-bound,2023-09-23 11:56:18,2024-06-28 08:34:30
1121,338,series-a-ready,2022-06-05 22:23:45,2023-07-24 16:20:35
1122,338,women-led,2022-02-06 01:37:04,2024-06-09 05:07:32
1123,339,patent-holder,2023-03-23 19:10:05,2023-05-20 05:36:10
1124,339,b2c,2024-02-20 18:46:54,2023-07-05 23:41:18
1125,339,b2b,2021-04-15 15:04:00,2024-12-20 02:24:53
1126,339,seed-stage,2023-05-27 07:37:11,2024-08-15 19:22:18
1127,339,deep-tech,2024-02-12 04:14:11,2023-01-02 06:10:57
1128,340,high-growth,2023-03-21 21:12:33,2023-12-13 11:47:57
1129,340,series-a-ready,2022-02-09 16:06:37,2023-03-28 02:29:26
1130,340,b2b,2023-10-01 11:09:22,2023-11-03 12:28:44
1131,341,climate-positive,2022-01-02 11:18:33,2024-01-26 09:47:29
1132,341,social-impact,2023-09-24 11:38:55,2024-12-29 10:06:01
1133,341,ai-first,2021-10-20 20:28:28,2024-02-17 19:39:09
1134,342,unicorn,2022-01-04 21:03:09,2023-03-31 10:57:01
1135,342,ipo-bound,2024-05-09 06:02:18,2024-07-09 00:00:04
1136,342,soonicorn,2022-01-01 13:26:45,2024-01-26 02:29:36
1137,342,patent-holder,2024-11-11 05:31:39,2024-12-20 14:27:02
1138,342,women-led,2023-10-26 02:30:58,2023-03-19 05:49:04
1139,343,climate-positive,2024-04-01 04:30:42,2024-02-20 13:51:19
1140,343,women-led,2024-01-04 14:33:56,2024-03-14 09:24:38
1141,344,d2c,2021-07-24 17:47:59,2023-04-06 01:11:46
1142,344,b2c,2021-10-28 19:55:46,2024-12-10 07:41:37
1143,344,rural-focus,2024-01-21 09:29:40,2023-07-28 05:50:51
1144,345,bootstrapped,2024-01-15 02:02:45,2024-11-29 12:52:26
1145,345,export-focused,2024-08-14 14:53:35,2023-11-24 09:45:43
1146,345,rural-focus,2023-03-17 13:05:56,2024-12-24 10:23:41
1147,345,deep-tech,2023-08-21 03:22:47,2024-07-11 09:32:57
1148,346,d2c,2022-06-09 19:05:16,2023-12-25 08:24:18
1149,346,seed-stage,2022-10-03 12:14:38,2023-06-14 16:21:51
1150,346,ai-first,2022-06-07 04:05:08,2024-05-17 00:48:35
1151,346,patent-holder,2024-10-26 15:34:32,2024-02-20 21:54:49
1152,346,rural-focus,2024-03-23 09:57:46,2024-02-01 10:34:27
1153,347,b2c,2021-05-24 17:41:39,2024-09-22 01:32:34
1154,347,climate-positive,2023-07-27 22:49:20,2024-01-21 15:55:19
1155,348,deep-tech,2024-12-06 18:38:54,2023-02-12 23:07:52
1156,348,high-growth,2023-04-02 12:44:18,2023-06-19 06:16:12
1157,348,bootstrapped,2024-12-15 04:00:36,2024-10-02 12:31:40
1158,348,export-focused,2024-09-24 20:50:33,2024-01-07 19:49:33
1159,349,climate-positive,2023-10-24 23:38:05,2024-11-21 02:17:35
1160,349,series-a-ready,2021-04-17 07:03:07,2024-02-14 09:56:21
1161,349,women-led,2022-09-07 06:25:48,2024-05-08 07:05:41
1162,350,bootstrapped,2021-07-28 14:58:03,2023-02-22 22:06:15
1163,350,ai-first,2023-10-17 07:11:16,2023-07-01 06:15:34
1164,350,b2b,2021-03-11 10:17:26,2024-07-19 07:41:27
1165,350,climate-positive,2023-06-19 08:40:35,2023-10-11 12:22:03
1166,350,women-led,2024-01-03 10:08:41,2024-06-26 11:20:33
1167,351,climate-positive,2023-05-24 09:19:28,2024-12-21 15:31:30
1168,351,d2c,2023-06-04 01:13:46,2023-12-21 13:58:18
1169,351,series-a-ready,2021-09-02 22:25:52,2024-03-13 11:29:04
1170,351,b2c,2021-10-14 13:45:15,2024-07-05 13:56:02
1171,352,government-backed,2024-03-30 14:26:03,2024-05-03 07:42:55
1172,352,profitable,2022-10-09 06:46:59,2024-07-19 23:36:22
1173,352,seed-stage,2023-05-17 11:43:57,2023-01-20 23:52:43
1174,353,government-backed,2024-02-11 15:43:15,2023-09-27 18:36:14
1175,353,social-impact,2023-09-28 14:36:30,2024-12-03 06:10:53
1176,354,seed-stage,2023-10-27 02:13:28,2024-05-02 08:24:34
1177,354,bootstrapped,2024-05-27 20:18:22,2023-02-24 16:42:19
1178,355,high-growth,2024-09-08 02:57:34,2024-09-03 15:55:10
1179,355,women-led,2023-11-06 02:48:39,2024-02-24 05:39:23
1180,355,social-impact,2021-07-14 00:25:04,2024-08-30 10:25:04
1181,355,b2b,2022-07-16 21:06:58,2024-06-23 19:16:21
1182,356,d2c,2024-09-05 00:17:09,2023-10-11 06:15:59
1183,357,profitable,2021-11-27 15:30:32,2024-11-28 15:10:58
1184,357,bootstrapped,2021-02-28 10:02:50,2023-03-24 20:41:05
1185,357,government-backed,2024-09-06 02:41:16,2023-01-30 11:14:12
1186,357,unicorn,2023-05-03 16:37:57,2023-03-13 22:40:57
1187,357,b2b,2022-12-26 00:48:29,2023-09-19 08:11:03
1188,358,patent-holder,2023-12-14 17:11:58,2024-05-20 00:45:15
1189,359,ipo-bound,2021-12-21 02:18:31,2023-01-16 15:42:26
1190,359,rural-focus,2024-05-08 14:36:05,2023-05-01 10:59:56
1191,359,government-backed,2024-05-18 01:15:02,2023-08-12 11:23:58
1192,359,b2c,2022-03-25 05:49:03,2024-06-05 17:47:40
1193,359,soonicorn,2024-01-02 23:37:06,2023-09-04 20:29:36
1194,360,b2c,2024-10-16 14:11:24,2024-07-04 14:56:50
1195,360,export-focused,2021-02-11 01:54:06,2024-11-15 10:47:42
1196,360,women-led,2024-02-18 06:26:58,2023-07-05 20:03:16
1197,361,deep-tech,2021-10-12 00:59:54,2023-06-30 15:23:58
1198,361,series-a-ready,2021-06-11 03:00:51,2023-12-14 08:37:52
1199,361,unicorn,2023-07-06 20:15:55,2023-10-14 03:57:26
1200,361,rural-focus,2023-01-11 12:31:02,2023-01-06 05:34:32
1201,362,d2c,2022-07-18 19:08:14,2023-07-13 21:34:13
1202,362,social-impact,2021-09-12 16:19:40,2023-09-09 10:54:49
1203,362,unicorn,2024-10-11 05:29:25,2024-10-17 02:07:53
1204,362,seed-stage,2023-09-29 12:08:12,2023-09-21 00:34:09
1205,362,ipo-bound,2023-03-13 07:50:35,2024-07-04 13:48:50
1206,363,government-backed,2024-06-23 14:09:50,2023-04-19 08:51:45
1207,363,b2c,2022-02-19 10:28:11,2023-10-29 06:41:12
1208,363,bootstrapped,2022-08-16 18:06:07,2023-01-21 01:16:23
1209,364,d2c,2023-12-09 13:58:41,2024-08-21 18:08:14
1210,364,bootstrapped,2022-09-12 05:31:14,2023-11-06 16:07:01
1211,364,soonicorn,2023-08-02 15:08:21,2024-08-11 22:24:22
1212,365,b2b,2022-07-17 08:49:47,2023-12-21 00:23:04
1213,365,seed-stage,2024-06-23 09:52:37,2023-01-07 00:02:11
1214,366,deep-tech,2022-11-02 15:18:18,2024-12-23 19:53:57
1215,366,social-impact,2022-05-11 05:34:43,2024-12-16 10:23:16
1216,366,high-growth,2022-11-02 13:49:44,2024-08-28 15:48:37
1217,366,women-led,2021-10-25 09:44:16,2024-03-01 17:06:06
1218,367,b2b,2023-05-24 19:14:20,2024-05-10 00:50:08
1219,367,ai-first,2024-06-28 01:13:27,2024-08-27 10:10:48
1220,367,deep-tech,2022-01-17 01:22:43,2024-04-04 12:30:12
1221,367,patent-holder,2021-12-22 23:29:50,2023-11-17 06:43:01
1222,367,soonicorn,2024-04-25 14:22:30,2024-08-21 00:52:06
1223,367,bootstrapped,2024-04-05 03:43:34,2023-07-09 02:13:16
1224,368,women-led,2024-08-09 05:02:58,2024-05-09 15:44:25
1225,369,d2c,2022-10-17 21:12:56,2024-05-16 17:48:43
1226,369,climate-positive,2021-10-17 05:23:36,2024-03-02 06:22:33
1227,369,profitable,2023-07-25 23:12:02,2023-04-10 02:24:00
1228,369,ipo-bound,2024-11-15 13:38:51,2023-06-07 04:02:47
1229,369,b2b,2022-11-01 15:08:54,2024-02-22 06:51:01
1230,370,b2b,2021-10-02 06:59:05,2023-03-11 03:29:21
1231,370,profitable,2024-05-04 21:55:23,2023-08-26 05:43:14
1232,371,bootstrapped,2024-10-21 04:22:23,2024-10-26 12:16:16
1233,371,ipo-bound,2023-11-19 03:50:57,2024-04-08 16:09:02
1234,372,patent-holder,2024-07-11 02:20:55,2023-06-22 14:05:07
1235,373,seed-stage,2023-06-30 11:29:57,2024-07-22 02:59:00
1236,373,d2c,2023-10-18 03:08:22,2024-08-24 03:00:10
1237,373,profitable,2021-07-19 06:39:21,2024-09-28 00:54:45
1238,374,ai-first,2022-03-25 11:05:23,2024-05-16 09:32:21
1239,374,high-growth,2023-03-20 06:25:57,2024-02-28 20:59:28
1240,374,b2c,2023-12-24 17:26:07,2024-09-27 01:44:21
1241,374,rural-focus,2021-11-23 03:53:48,2024-11-24 15:19:54
1242,375,ipo-bound,2021-02-20 19:15:09,2023-04-27 15:04:11
1243,375,social-impact,2021-12-29 13:50:18,2024-12-09 10:54:45
1244,375,bootstrapped,2024-07-26 06:37:12,2023-12-07 00:59:09
1245,375,government-backed,2024-03-10 03:52:28,2024-10-21 12:48:27
1246,375,b2b,2021-09-15 17:01:21,2023-10-16 00:18:47
1247,376,rural-focus,2023-09-22 11:07:58,2023-12-18 20:07:23
1248,377,high-growth,2021-04-03 19:22:49,2024-04-28 13:10:53
1249,377,bootstrapped,2022-04-19 04:05:50,2024-10-14 00:49:50
1250,378,climate-positive,2022-01-03 11:25:29,2023-07-16 00:46:33
1251,378,ipo-bound,2022-08-25 00:49:39,2024-03-21 15:45:44
1252,378,bootstrapped,2021-10-30 02:49:32,2023-03-14 21:56:47
1253,378,b2c,2021-02-02 12:39:28,2023-03-03 17:59:43
1254,378,series-a-ready,2021-03-03 18:42:36,2024-11-22 20:02:32
1255,378,women-led,2021-09-08 06:46:18,2024-04-01 15:15:57
1256,379,b2c,2021-09-06 21:23:59,2024-02-12 23:08:37
1257,379,high-growth,2024-06-12 06:35:00,2023-01-12 19:04:23
1258,379,unicorn,2021-03-04 11:06:58,2024-04-19 18:32:36
1259,379,women-led,2021-08-30 05:45:15,2023-01-26 01:14:01
1260,380,rural-focus,2022-07-21 16:17:44,2023-10-13 19:53:47
1261,380,unicorn,2022-05-16 00:34:30,2023-10-03 22:20:00
1262,380,profitable,2023-06-07 05:00:40,2024-01-27 14:15:23
1263,380,bootstrapped,2022-02-08 00:38:34,2023-01-21 19:43:19
1264,381,b2b,2022-11-20 07:04:15,2023-03-04 06:02:36
1265,381,social-impact,2023-10-22 20:19:31,2024-05-05 22:52:32
1266,381,bootstrapped,2022-03-15 17:48:47,2023-01-29 03:34:34
1267,382,ai-first,2023-10-14 01:57:12,2023-05-11 10:55:26
1268,382,profitable,2024-01-25 07:43:50,2024-04-15 08:36:54
1269,382,d2c,2024-05-16 09:58:39,2023-07-03 21:53:49
1270,382,bootstrapped,2023-09-18 11:20:13,2023-09-27 04:31:42
1271,382,rural-focus,2021-11-21 05:21:35,2024-09-25 01:59:03
1272,382,women-led,2021-12-24 04:59:05,2024-07-21 04:39:03
1273,383,ipo-bound,2021-07-18 13:05:40,2024-12-02 19:02:57
1274,383,rural-focus,2021-09-08 22:29:12,2024-04-19 16:38:16
1275,383,profitable,2024-03-23 16:40:21,2024-12-23 17:11:07
1276,384,profitable,2021-06-28 14:36:18,2023-05-23 21:10:57
1277,384,women-led,2021-04-28 11:52:51,2024-02-12 23:28:57
1278,384,soonicorn,2021-04-14 09:11:31,2024-02-15 17:35:44
1279,384,export-focused,2022-04-08 18:08:37,2023-02-28 23:43:08
1280,384,bootstrapped,2023-10-22 01:54:48,2023-07-27 00:33:51
1281,385,soonicorn,2021-09-22 19:13:39,2023-07-02 17:52:33
1282,385,seed-stage,2022-10-12 06:17:49,2023-03-23 22:04:44
1283,385,ai-first,2024-02-17 19:41:35,2023-05-21 14:13:16
1284,385,profitable,2021-07-18 10:28:43,2023-02-07 22:41:00
1285,385,b2c,2023-03-26 23:40:59,2023-04-20 18:01:33
1286,386,series-a-ready,2023-03-18 00:14:11,2023-10-12 22:57:16
1287,386,unicorn,2023-09-06 00:23:11,2024-10-09 03:36:17
1288,386,b2b,2023-09-26 13:37:34,2023-08-31 07:10:58
1289,386,women-led,2023-10-28 23:08:06,2023-04-03 15:23:31
1290,387,seed-stage,2023-05-25 01:16:44,2023-05-27 12:54:13
1291,387,soonicorn,2021-11-07 09:06:55,2023-07-16 21:31:31
1292,387,d2c,2022-09-21 18:28:15,2024-09-13 12:44:51
1293,388,profitable,2024-05-21 16:52:52,2024-11-26 03:38:44
1294,388,women-led,2021-09-08 18:49:42,2023-05-04 11:21:59
1295,388,high-growth,2022-04-01 10:15:15,2024-09-07 23:52:17
1296,388,export-focused,2022-09-30 09:42:17,2023-11-02 18:26:10
1297,389,unicorn,2021-04-30 07:18:15,2024-09-03 01:14:28
1298,389,ai-first,2023-11-14 11:59:53,2023-09-06 17:11:36
1299,389,ipo-bound,2023-10-21 23:42:32,2023-06-21 23:08:41
1300,389,women-led,2024-04-04 03:48:34,2024-09-16 02:14:45
1301,389,profitable,2024-12-10 10:39:19,2023-08-20 15:44:17
1302,390,climate-positive,2023-12-21 21:03:55,2024-01-02 14:38:12
1303,390,deep-tech,2022-12-11 18:37:00,2024-01-07 02:48:49
1304,390,social-impact,2021-07-14 14:47:06,2024-10-30 06:33:05
1305,390,ai-first,2023-05-25 09:34:16,2023-06-19 09:32:14
1306,391,series-a-ready,2022-03-11 01:12:13,2024-10-27 06:53:50
1307,391,social-impact,2023-09-13 02:18:28,2024-10-25 02:45:20
1308,391,export-focused,2022-09-27 19:42:56,2024-03-09 04:04:12
1309,391,patent-holder,2023-12-10 19:04:25,2024-11-29 19:30:58
1310,391,profitable,2022-06-18 12:04:17,2023-11-09 16:20:40
1311,392,social-impact,2024-03-24 04:32:37,2023-02-19 16:48:57
1312,392,ipo-bound,2024-04-07 03:04:47,2023-03-17 09:31:03
1313,392,bootstrapped,2024-07-03 07:20:18,2023-11-19 08:04:33
1314,393,rural-focus,2024-08-01 15:42:50,2023-11-11 14:10:57
1315,393,d2c,2021-05-15 09:51:30,2024-11-18 14:40:03
1316,393,high-growth,2023-06-21 22:47:52,2024-02-12 00:49:48
1317,393,profitable,2023-12-26 17:05:46,2024-02-12 03:48:26
1318,393,government-backed,2023-11-12 17:05:56,2023-09-28 16:58:54
1319,394,women-led,2024-10-20 12:18:05,2023-08-26 15:49:14
1320,394,rural-focus,2021-02-09 11:08:41,2023-06-25 06:38:14
1321,395,b2b,2021-12-30 12:11:14,2023-10-04 03:07:08
1322,395,unicorn,2022-03-02 18:41:57,2023-11-16 18:37:23
1323,395,patent-holder,2022-02-01 18:11:21,2023-04-19 23:04:25
1324,396,series-a-ready,2023-11-28 00:22:51,2024-07-26 10:50:35
1325,396,profitable,2022-10-24 02:38:58,2023-05-31 00:44:13
1326,397,patent-holder,2023-06-18 04:53:47,2023-08-19 07:35:18
1327,397,series-a-ready,2021-07-02 14:13:20,2023-09-27 08:23:04
1328,397,women-led,2023-08-18 05:11:02,2023-05-05 21:59:05
1329,398,export-focused,2024-03-20 09:21:24,2024-05-06 16:10:57
1330,398,rural-focus,2023-09-26 21:21:36,2024-12-31 16:25:01
1331,398,bootstrapped,2024-07-22 12:32:47,2024-08-04 21:13:55
1332,399,soonicorn,2023-10-06 20:12:34,2024-05-01 04:09:56
1333,399,women-led,2022-04-29 15:16:52,2023-02-28 05:34:00
1334,400,series-a-ready,2021-11-06 00:56:02,2023-04-27 22:22:27
1335,400,b2b,2023-09-12 11:44:14,2024-09-28 10:28:20
1336,400,climate-positive,2021-07-10 10:11:43,2024-11-04 02:37:23
1337,401,government-backed,2021-01-04 17:51:04,2024-03-14 01:24:08
1338,401,ai-first,2024-01-23 15:32:33,2024-02-02 11:59:21
1339,401,seed-stage,2023-03-26 23:28:52,2023-03-22 14:12:45
1340,401,high-growth,2022-09-30 21:15:04,2023-06-26 05:03:02
1341,401,patent-holder,2023-09-05 06:37:15,2024-05-04 22:48:46
1342,402,women-led,2023-05-15 14:59:34,2023-12-21 14:55:05
1343,402,government-backed,2023-12-18 09:52:16,2023-02-08 19:48:11
1344,402,soonicorn,2023-04-03 11:24:58,2023-10-13 09:13:13
1345,402,rural-focus,2021-04-03 14:46:10,2024-01-25 19:24:58
1346,402,ipo-bound,2022-04-04 23:01:29,2024-10-28 18:16:25
1347,403,export-focused,2021-12-13 03:03:08,2023-04-22 14:52:44
1348,404,climate-positive,2023-04-24 14:15:48,2024-09-12 22:32:49
1349,404,patent-holder,2021-09-11 15:49:30,2024-10-25 17:46:06
1350,404,soonicorn,2022-08-22 19:50:24,2024-03-08 12:51:06
1351,404,profitable,2023-05-06 18:52:52,2024-02-25 03:34:30
1352,404,ipo-bound,2022-12-23 19:42:54,2023-11-05 18:51:18
1353,405,export-focused,2022-05-22 20:43:04,2023-07-18 13:47:26
1354,405,d2c,2022-03-27 16:06:40,2023-01-17 16:31:57
1355,406,deep-tech,2024-08-30 23:21:55,2024-07-09 02:23:42
1356,406,ai-first,2021-10-04 02:31:25,2023-01-18 21:50:00
1357,406,series-a-ready,2024-08-16 18:40:11,2024-02-18 18:35:14
1358,407,soonicorn,2022-10-15 12:17:03,2023-05-10 22:15:37
1359,408,series-a-ready,2024-04-06 03:51:16,2024-09-04 22:25:53
1360,408,women-led,2023-07-07 13:40:16,2024-05-12 12:21:21
1361,409,profitable,2021-06-05 05:08:54,2024-01-04 23:16:58
1362,409,deep-tech,2023-11-20 08:43:54,2024-10-11 12:40:38
1363,410,b2c,2022-04-26 13:45:45,2023-07-07 23:47:42
1364,410,d2c,2024-10-14 16:47:06,2023-10-21 20:42:41
1365,410,women-led,2024-09-22 21:04:22,2024-08-13 20:15:04
1366,411,d2c,2024-06-17 16:39:39,2023-03-12 15:26:04
1367,411,profitable,2021-07-12 10:54:39,2024-06-15 13:56:11
1368,411,high-growth,2022-12-09 16:12:03,2024-06-01 21:25:38
1369,411,unicorn,2022-12-13 18:42:27,2023-07-13 06:44:50
1370,412,unicorn,2022-11-13 08:25:51,2024-10-06 07:50:27
1371,412,climate-positive,2021-07-14 16:43:39,2023-01-18 04:20:49
1372,412,women-led,2024-01-25 05:20:31,2023-06-13 22:43:04
1373,413,profitable,2022-02-21 05:43:44,2024-08-21 14:05:37
1374,413,social-impact,2024-07-13 17:02:35,2023-12-06 01:19:40
1375,414,deep-tech,2024-01-31 23:26:22,2024-10-09 15:26:42
1376,414,export-focused,2021-12-15 09:43:36,2023-02-13 20:27:45
1377,415,social-impact,2024-04-06 00:56:57,2024-09-10 06:01:45
1378,415,government-backed,2024-11-27 00:58:11,2024-06-24 03:52:36
1379,415,bootstrapped,2021-02-21 12:57:59,2023-05-22 06:14:33
1380,416,profitable,2024-01-17 13:55:54,2024-09-01 13:44:50
1381,416,deep-tech,2021-07-14 15:56:47,2023-10-10 19:19:00
1382,417,export-focused,2021-09-28 08:30:22,2024-12-22 06:56:39
1383,417,seed-stage,2023-07-30 07:47:34,2024-04-08 23:09:00
1384,417,profitable,2024-05-12 01:12:30,2023-10-03 01:54:07
1385,417,d2c,2022-06-24 09:14:27,2023-06-07 21:14:20
1386,418,ai-first,2023-02-02 05:53:16,2024-07-20 20:43:25
1387,418,bootstrapped,2024-01-21 08:40:59,2024-01-20 18:05:12
1388,418,seed-stage,2023-10-28 20:50:03,2023-09-15 14:22:41
1389,418,rural-focus,2022-05-05 16:17:27,2024-05-18 16:35:25
1390,419,climate-positive,2022-07-30 07:23:46,2024-10-18 20:54:48
1391,419,seed-stage,2022-10-22 01:00:38,2024-05-13 20:47:09
1392,419,rural-focus,2024-02-24 07:48:56,2024-01-01 16:58:54
1393,419,social-impact,2022-09-21 13:22:21,2023-07-25 13:06:29
1394,420,deep-tech,2021-11-25 23:54:08,2023-10-22 18:42:50
1395,420,series-a-ready,2022-07-05 09:12:22,2023-06-28 11:09:50
1396,420,women-led,2021-09-11 11:47:34,2023-02-28 10:17:00
1397,420,bootstrapped,2021-10-14 21:54:05,2024-03-08 14:40:22
1398,421,women-led,2022-08-14 06:55:16,2024-10-18 17:53:57
1399,421,b2c,2024-07-16 10:45:14,2023-05-06 11:41:34
1400,421,patent-holder,2021-02-27 17:03:51,2024-07-02 17:34:23
1401,421,ai-first,2021-07-16 21:21:56,2023-09-14 19:56:15
1402,421,profitable,2023-10-18 23:25:46,2024-08-24 00:11:22
1403,422,profitable,2024-04-09 18:04:02,2024-01-20 19:29:45
1404,422,bootstrapped,2022-03-17 16:42:20,2024-03-06 18:55:58
1405,423,b2c,2023-11-17 14:30:26,2024-07-13 10:45:34
1406,423,export-focused,2023-03-21 01:06:17,2024-08-03 23:06:44
1407,423,women-led,2022-12-13 21:43:00,2023-06-12 20:33:09
1408,424,soonicorn,2021-07-02 13:51:47,2023-04-14 01:31:13
1409,424,ipo-bound,2023-01-04 05:13:53,2023-05-03 19:28:27
1410,424,bootstrapped,2024-05-18 08:18:56,2024-10-12 16:36:57
1411,424,b2c,2021-05-31 18:50:28,2024-06-30 15:42:52
1412,424,women-led,2022-12-08 21:21:22,2023-04-22 11:55:22
1413,425,soonicorn,2023-02-13 14:26:00,2024-03-12 21:38:07
1414,425,women-led,2021-10-14 07:39:07,2024-05-16 06:29:52
1415,426,unicorn,2022-06-17 12:30:31,2024-04-07 09:53:49
1416,426,ipo-bound,2021-04-22 20:31:11,2023-09-18 09:35:54
1417,426,high-growth,2023-11-12 00:09:29,2023-02-15 17:30:25
1418,426,social-impact,2024-11-07 16:50:29,2023-04-22 17:14:36
1419,427,women-led,2021-03-16 06:07:45,2024-05-15 13:05:43
1420,427,soonicorn,2021-03-19 05:10:34,2023-08-04 17:18:40
1421,427,ai-first,2024-03-21 17:13:33,2023-11-22 04:14:49
1422,427,d2c,2022-08-31 20:14:50,2024-07-05 11:24:45
1423,427,deep-tech,2021-09-17 23:38:38,2024-01-20 17:52:33
1424,427,bootstrapped,2023-03-21 06:17:27,2023-04-02 08:21:12
1425,428,b2b,2022-05-12 23:19:22,2024-05-13 14:17:50
1426,428,women-led,2023-10-15 14:18:11,2023-09-22 21:22:02
1427,429,high-growth,2021-06-09 19:53:06,2023-07-01 07:28:56
1428,429,patent-holder,2022-04-04 03:33:28,2023-05-07 02:58:55
1429,429,women-led,2021-02-06 22:51:22,2023-10-03 16:13:05
1430,429,ipo-bound,2021-12-14 04:36:52,2024-04-03 15:35:33
1431,429,bootstrapped,2021-05-26 11:44:33,2024-08-04 23:34:52
1432,430,high-growth,2023-02-15 06:48:58,2023-08-25 21:41:33
1433,430,women-led,2024-04-13 19:53:36,2024-09-24 11:36:46
1434,431,deep-tech,2022-12-16 07:04:56,2023-03-07 06:16:00
1435,431,series-a-ready,2023-06-19 13:46:53,2023-03-18 00:57:37
1436,431,seed-stage,2023-12-16 08:12:39,2023-07-20 05:33:28
1437,432,unicorn,2022-05-17 08:51:52,2024-12-11 22:13:54
1438,432,rural-focus,2022-12-17 07:14:43,2023-01-28 05:52:02
1439,433,social-impact,2021-08-27 12:48:19,2023-10-10 22:43:23
1440,433,profitable,2021-03-17 16:04:07,2024-03-04 05:29:22
1441,433,rural-focus,2024-03-19 15:08:33,2023-01-05 16:05:46
1442,433,women-led,2024-09-18 09:01:50,2023-07-30 07:18:16
1443,434,profitable,2023-03-20 00:51:59,2024-04-18 22:18:55
1444,434,bootstrapped,2024-01-02 13:14:42,2024-10-25 13:43:29
1445,435,ai-first,2022-04-11 11:14:10,2023-05-16 05:22:43
1446,435,soonicorn,2021-10-13 22:13:43,2023-01-12 07:22:04
1447,435,women-led,2021-11-27 01:13:29,2023-10-18 11:11:51
1448,436,women-led,2021-02-14 07:51:36,2023-10-24 21:39:00
1449,436,b2c,2022-08-02 23:17:21,2024-12-26 14:23:53
1450,436,soonicorn,2022-11-30 15:09:11,2023-06-12 18:39:47
1451,437,patent-holder,2022-12-07 15:03:52,2023-01-13 21:28:10
1452,437,bootstrapped,2024-11-19 06:21:15,2023-04-03 16:31:23
1453,437,b2c,2021-09-07 22:58:25,2023-09-05 12:40:29
1454,437,export-focused,2021-01-24 17:13:49,2024-08-30 08:59:24
1455,438,climate-positive,2023-07-14 14:49:05,2023-01-12 09:11:03
1456,438,seed-stage,2022-10-30 07:41:12,2023-07-30 09:12:21
1457,438,ai-first,2023-03-13 02:14:22,2024-03-31 21:06:27
1458,438,patent-holder,2024-08-02 00:26:10,2024-09-30 00:44:01
1459,438,women-led,2023-12-09 16:21:07,2024-10-01 21:31:42
1460,438,bootstrapped,2022-09-05 21:24:12,2023-12-06 01:11:24
1461,439,women-led,2024-09-30 22:25:25,2024-11-09 20:53:02
1462,439,high-growth,2023-06-24 14:33:23,2023-03-02 01:23:01
1463,439,bootstrapped,2021-12-04 20:17:16,2023-07-01 18:50:36
1464,440,high-growth,2022-11-22 06:00:09,2024-11-16 02:19:24
1465,440,government-backed,2023-02-24 17:43:49,2023-09-05 00:13:16
1466,440,profitable,2023-08-02 20:55:53,2024-06-08 13:22:21
1467,440,b2b,2023-05-01 09:32:49,2023-05-04 11:37:26
1468,441,export-focused,2022-01-25 02:43:44,2023-09-18 22:06:47
1469,441,soonicorn,2021-02-20 18:58:56,2024-06-18 21:14:15
1470,442,bootstrapped,2021-05-26 23:46:14,2023-02-01 10:00:40
1471,442,climate-positive,2024-08-03 22:18:59,2024-01-31 23:29:11
1472,442,unicorn,2023-07-11 20:19:56,2023-06-18 18:14:05
1473,443,bootstrapped,2021-02-25 03:26:34,2023-07-12 14:59:32
1474,444,series-a-ready,2021-01-19 01:53:15,2023-03-09 22:18:24
1475,445,climate-positive,2024-05-26 06:38:23,2024-02-17 20:31:21
1476,445,rural-focus,2024-06-09 04:49:56,2024-10-13 08:45:56
1477,445,b2b,2022-04-15 02:42:04,2023-09-26 04:05:41
1478,445,export-focused,2021-07-12 18:45:21,2024-03-20 06:51:29
1479,445,soonicorn,2023-03-08 04:26:23,2024-12-11 01:32:27
1480,446,social-impact,2021-05-09 21:01:08,2024-08-18 06:31:42
1481,447,women-led,2024-09-03 00:22:45,2023-07-07 20:08:26
1482,447,high-growth,2022-12-22 22:15:46,2024-08-31 14:17:45
1483,447,ipo-bound,2023-04-16 20:08:17,2024-09-23 19:42:38
1484,447,series-a-ready,2022-11-03 04:13:34,2024-10-25 01:15:27
1485,447,soonicorn,2023-10-07 03:16:41,2024-02-19 14:42:46
1486,448,patent-holder,2022-07-18 17:39:13,2024-03-19 07:54:26
1487,448,series-a-ready,2021-08-10 14:11:46,2024-11-23 05:50:30
1488,448,bootstrapped,2023-08-09 07:08:11,2024-06-26 01:37:25
1489,449,b2b,2023-01-28 20:09:02,2024-04-08 17:06:39
1490,449,climate-positive,2021-08-12 03:56:22,2023-07-23 06:44:01
1491,449,soonicorn,2022-01-25 11:27:44,2024-09-08 06:46:42
1492,449,unicorn,2021-08-14 11:19:49,2024-11-19 15:11:16
1493,449,bootstrapped,2024-12-12 18:55:08,2024-03-14 09:03:38
1494,450,ipo-bound,2024-07-20 05:34:42,2024-05-23 15:24:13
1495,450,social-impact,2024-04-26 22:20:59,2023-08-17 19:32:10
1496,451,seed-stage,2023-03-29 06:58:44,2024-01-10 05:23:30
1497,451,bootstrapped,2021-10-27 00:13:52,2023-07-30 15:47:22
1498,452,climate-positive,2021-08-10 01:02:30,2023-04-27 22:58:52
1499,453,ai-first,2021-08-31 21:00:04,2023-11-29 01:48:18
1500,453,b2b,2024-11-30 09:44:30,2024-08-13 13:41:27
1501,454,patent-holder,2022-10-06 17:49:46,2024-07-27 19:20:57
1502,454,soonicorn,2021-09-27 05:48:59,2023-12-22 02:09:35
1503,454,deep-tech,2022-10-16 01:19:52,2024-03-13 11:00:59
1504,455,b2b,2024-02-23 14:54:24,2023-11-02 21:52:47
1505,455,soonicorn,2022-02-02 02:49:14,2023-01-03 22:27:04
1506,455,bootstrapped,2021-02-25 15:21:14,2024-01-31 23:15:52
1507,456,deep-tech,2024-06-01 10:24:20,2024-12-08 07:52:18
1508,456,women-led,2021-10-16 18:33:31,2023-12-27 23:59:27
1509,456,soonicorn,2022-06-01 23:42:08,2023-11-15 15:24:13
1510,457,series-a-ready,2024-05-27 11:46:23,2023-05-22 04:47:36
1511,457,patent-holder,2023-12-27 21:42:43,2024-04-11 15:34:16
1512,457,women-led,2021-11-23 04:22:13,2023-08-26 02:33:18
1513,458,b2b,2021-09-20 12:57:57,2023-02-22 19:00:35
1514,458,climate-positive,2022-09-29 12:54:21,2023-01-18 03:09:44
1515,458,b2c,2023-06-16 04:30:11,2023-12-02 23:37:34
1516,459,high-growth,2023-01-02 05:59:39,2023-09-19 05:53:15
1517,459,rural-focus,2021-11-19 03:31:26,2024-01-06 15:10:53
1518,459,women-led,2022-01-10 11:17:36,2024-05-12 04:24:01
1519,460,ipo-bound,2021-12-13 10:20:25,2023-11-10 11:50:30
1520,460,profitable,2023-07-09 13:00:27,2023-12-12 09:58:07
1521,460,government-backed,2024-02-21 05:39:28,2024-10-22 09:11:16
1522,460,social-impact,2021-02-08 07:40:20,2023-01-03 01:19:17
1523,461,b2b,2023-03-19 19:16:23,2024-07-18 14:41:50
1524,461,government-backed,2021-03-06 09:06:38,2023-11-10 18:45:34
1525,461,social-impact,2022-12-04 10:13:04,2024-12-07 05:10:30
1526,461,bootstrapped,2023-06-05 13:40:17,2023-09-30 15:30:10
1527,462,high-growth,2023-08-17 10:31:57,2024-09-11 03:07:33
1528,462,climate-positive,2021-07-29 11:49:29,2024-06-08 00:38:20
1529,462,bootstrapped,2021-02-19 23:10:58,2024-03-03 16:48:54
1530,462,government-backed,2022-12-20 18:28:52,2024-11-09 07:27:39
1531,462,series-a-ready,2023-09-13 23:17:57,2024-05-22 11:16:45
1532,463,social-impact,2023-10-24 18:33:17,2023-06-03 15:13:01
1533,463,export-focused,2021-02-15 22:49:01,2024-11-10 04:20:45
1534,463,b2c,2024-03-20 21:52:42,2024-09-23 13:31:10
1535,463,series-a-ready,2023-10-16 04:39:11,2024-09-22 03:05:03
1536,463,unicorn,2022-02-05 15:51:01,2023-11-05 20:42:00
1537,464,social-impact,2022-06-30 11:44:28,2024-09-06 18:12:42
1538,464,climate-positive,2023-11-27 01:30:46,2023-01-07 15:06:31
1539,464,unicorn,2024-01-01 10:07:16,2023-04-11 08:02:46
1540,465,bootstrapped,2021-09-24 21:52:55,2024-01-01 20:19:44
1541,465,patent-holder,2023-12-23 20:29:09,2024-05-05 07:30:40
1542,465,women-led,2021-12-01 11:08:16,2024-11-30 14:53:13
1543,465,ai-first,2023-12-24 00:25:39,2024-04-08 06:42:35
1544,466,government-backed,2024-11-14 02:47:44,2024-08-07 19:22:33
1545,466,women-led,2022-05-11 22:03:40,2024-01-28 06:56:52
1546,466,export-focused,2024-12-16 15:57:16,2023-10-24 04:22:56
1547,467,women-led,2023-09-08 15:06:22,2023-11-28 06:36:00
1548,467,deep-tech,2022-07-12 19:52:02,2023-06-15 23:08:14
1549,467,social-impact,2022-03-06 16:06:48,2024-02-26 05:45:07
1550,467,climate-positive,2024-07-03 18:41:18,2024-04-03 14:14:31
1551,467,bootstrapped,2022-06-17 05:06:19,2024-05-20 07:00:14
1552,468,social-impact,2024-06-15 05:47:53,2024-04-04 20:07:34
1553,468,d2c,2022-05-21 06:38:21,2024-05-11 00:21:38
1554,468,bootstrapped,2022-04-02 18:53:51,2024-03-31 03:44:13
1555,469,d2c,2023-09-20 09:27:55,2023-12-01 20:24:49
1556,469,b2b,2021-03-12 01:50:41,2023-11-19 02:15:44
1557,469,women-led,2021-06-16 09:21:27,2024-04-18 14:23:06
1558,470,deep-tech,2021-09-25 04:48:37,2024-12-31 14:42:20
1559,471,soonicorn,2024-07-26 13:08:20,2023-12-27 17:41:03
1560,471,women-led,2021-11-11 21:13:27,2023-01-19 15:29:10
1561,472,government-backed,2024-03-30 03:52:05,2023-04-22 22:43:19
1562,472,women-led,2021-09-26 10:18:43,2024-04-13 15:41:38
1563,473,unicorn,2021-08-16 10:41:09,2023-01-15 21:38:00
1564,473,seed-stage,2024-10-16 12:36:13,2024-08-26 10:20:06
1565,473,b2c,2023-08-15 18:00:14,2024-10-08 11:27:32
1566,473,patent-holder,2022-07-25 12:40:39,2023-08-16 09:02:06
1567,473,women-led,2021-09-25 14:41:28,2024-08-20 19:35:23
1568,474,ipo-bound,2021-02-23 06:00:04,2023-10-18 23:47:15
1569,474,government-backed,2021-04-03 03:40:12,2024-12-17 18:30:56
1570,474,bootstrapped,2021-02-08 01:31:51,2024-01-27 07:20:31
1571,475,b2b,2024-01-08 12:56:07,2024-04-25 20:39:14
1572,476,rural-focus,2024-05-14 17:33:27,2024-10-13 15:58:35
1573,476,women-led,2024-04-14 14:01:48,2024-08-09 00:48:47
1574,477,unicorn,2023-06-26 21:28:29,2024-03-02 12:03:27
1575,477,bootstrapped,2021-03-15 13:06:18,2023-12-21 15:12:52
1576,477,women-led,2023-12-28 00:24:37,2023-12-17 06:54:58
1577,477,government-backed,2023-11-17 03:53:55,2024-04-07 10:03:03
1578,478,climate-positive,2023-10-29 09:41:21,2023-09-13 02:53:54
1579,478,b2b,2023-05-10 19:36:22,2023-01-17 16:50:11
1580,478,social-impact,2024-11-27 06:03:43,2023-03-21 18:44:25
1581,478,rural-focus,2022-11-06 03:41:24,2023-06-05 22:03:31
1582,478,d2c,2023-11-22 21:58:09,2024-09-17 07:32:25
1583,478,women-led,2023-09-15 07:36:52,2024-01-16 04:34:18
1584,479,export-focused,2024-03-08 18:26:32,2024-12-14 12:56:12
1585,480,climate-positive,2021-10-12 14:57:20,2023-08-24 22:48:29
1586,480,unicorn,2023-04-24 02:30:20,2023-01-06 17:46:47
1587,480,bootstrapped,2022-05-16 02:17:32,2024-05-08 04:46:17
1588,480,social-impact,2022-01-21 03:23:20,2024-07-27 12:29:30
1589,480,ai-first,2023-01-06 04:50:41,2023-10-12 18:36:56
1590,481,women-led,2022-05-14 07:09:57,2024-01-16 01:59:39
1591,481,unicorn,2023-08-28 04:23:24,2024-04-16 05:25:33
1592,481,deep-tech,2021-10-05 13:01:28,2023-03-06 23:25:39
1593,481,d2c,2021-09-26 01:42:29,2023-11-11 10:07:51
1594,481,rural-focus,2022-01-07 17:42:55,2024-04-07 17:27:09
1595,482,d2c,2023-03-16 21:46:21,2024-01-27 12:25:15
1596,482,seed-stage,2024-08-13 21:37:09,2023-07-07 21:36:40
1597,482,social-impact,2021-09-08 12:20:33,2024-05-01 23:27:50
1598,482,government-backed,2021-08-12 03:38:13,2024-01-16 18:39:31
1599,483,climate-positive,2021-11-10 03:39:51,2023-09-26 22:13:27
1600,483,series-a-ready,2024-10-11 16:07:21,2023-09-01 07:35:07
1601,483,women-led,2022-01-31 00:00:37,2023-12-12 12:44:59
1602,484,series-a-ready,2021-09-05 16:57:36,2023-08-25 14:10:11
1603,484,social-impact,2021-01-18 20:39:54,2023-02-09 01:47:00
1604,484,high-growth,2021-08-27 13:20:05,2023-01-31 21:50:33
1605,484,export-focused,2022-01-14 16:17:02,2024-06-18 02:50:24
1606,484,ipo-bound,2024-03-04 17:08:32,2024-11-19 12:00:51
1607,484,women-led,2023-07-25 20:58:55,2024-01-09 01:27:17
1608,485,d2c,2022-07-30 10:36:46,2023-09-18 01:51:46
1609,485,high-growth,2024-11-20 13:03:37,2023-03-11 12:07:36
1610,486,government-backed,2024-02-13 20:33:36,2024-02-26 15:37:08
1611,486,export-focused,2023-07-19 14:59:51,2023-05-17 20:21:26
1612,486,seed-stage,2024-09-24 19:48:52,2024-12-09 05:26:28
1613,486,ipo-bound,2021-09-09 16:29:10,2023-01-24 09:55:24
1614,487,seed-stage,2024-06-21 00:12:39,2024-01-30 09:00:25
1615,487,climate-positive,2024-11-22 07:01:06,2024-03-10 10:26:41
1616,487,social-impact,2022-04-11 16:40:56,2023-12-25 09:27:39
1617,488,b2c,2024-03-22 13:52:26,2023-11-04 00:55:34
1618,488,soonicorn,2023-06-17 14:59:07,2023-07-25 10:52:08
1619,489,bootstrapped,2023-10-18 06:09:01,2024-07-30 08:50:09
1620,489,deep-tech,2021-12-20 12:10:24,2023-05-14 18:29:57
1621,489,d2c,2023-03-13 17:08:28,2023-10-20 23:52:19
1622,490,ai-first,2021-11-04 04:06:53,2023-12-13 10:10:11
1623,490,patent-holder,2022-05-21 11:38:07,2024-03-12 09:42:07
1624,491,export-focused,2023-04-26 14:19:10,2023-10-27 17:57:17
1625,491,climate-positive,2023-12-20 20:41:22,2024-05-01 22:16:45
1626,491,d2c,2024-07-10 22:34:48,2024-08-19 06:07:51
1627,491,b2c,2021-10-09 16:57:11,2024-05-29 21:17:29
1628,491,women-led,2023-11-08 06:00:03,2024-05-06 06:51:50
1629,492,b2c,2024-02-12 22:15:30,2023-04-09 18:18:56
1630,492,climate-positive,2022-05-30 20:04:48,2024-03-28 00:47:33
1631,492,women-led,2021-01-15 05:12:21,2024-02-15 02:41:04
1632,493,deep-tech,2021-01-30 22:22:08,2023-08-29 03:03:14
1633,493,unicorn,2021-08-27 15:41:52,2023-08-24 01:12:15
1634,493,social-impact,2021-10-10 16:12:26,2023-04-05 09:50:41
1635,493,export-focused,2024-08-03 17:51:41,2024-11-23 02:28:37
1636,493,bootstrapped,2024-12-08 21:46:10,2024-02-28 23:51:47
1637,494,high-growth,2022-02-04 16:11:18,2023-06-08 07:22:10
1638,494,soonicorn,2022-05-12 16:16:39,2023-03-09 01:58:38
1639,494,ai-first,2024-01-11 03:02:46,2023-09-16 23:36:23
1640,495,b2c,2022-09-05 15:01:51,2024-09-08 10:31:01
1641,495,d2c,2021-12-19 16:32:28,2023-07-10 05:44:50
1642,495,social-impact,2024-02-12 13:08:36,2024-07-05 10:46:16
1643,495,deep-tech,2021-11-30 12:22:27,2023-07-14 07:20:14
1644,496,bootstrapped,2022-01-09 16:01:34,2024-12-24 10:43:19
1645,497,soonicorn,2021-01-06 02:27:37,2023-01-13 18:32:23
1646,497,patent-holder,2021-09-09 07:03:20,2024-07-04 03:41:50
1647,497,government-backed,2022-10-21 17:17:39,2024-04-13 03:40:52
1648,497,b2c,2024-11-29 13:04:34,2023-08-01 13:41:56
1649,498,b2c,2024-11-27 06:19:41,2023-12-13 07:45:47
1650,498,unicorn,2021-09-04 13:58:12,2023-07-08 02:39:07
1651,498,d2c,2021-12-09 10:20:57,2024-07-10 17:08:54
1652,498,social-impact,2024-12-18 05:33:38,2024-04-02 08:51:21
1653,498,rural-focus,2022-11-07 08:15:20,2023-02-27 13:33:40
1654,499,rural-focus,2023-03-31 22:36:10,2024-11-27 23:23:57
1655,499,ipo-bound,2021-07-05 15:32:17,2024-12-16 17:27:10
1656,500,ai-first,2024-10-29 16:15:06,2023-11-02 18:30:51
1657,500,profitable,2021-02-22 19:07:21,2023-09-10 17:35:42
1658,500,unicorn,2021-12-17 05:14:34,2023-06-03 22:35:32
1659,500,women-led,2024-02-28 05:30:02,2024-12-17 03:02:04
1660,500,bootstrapped,2021-10-29 10:21:12,2024-03-31 22:57:06
